"IdSensore","NomeStazione","Data","Valore","Stato","idOperatore"
"10001","Milano - Viale Marche","2025-01-01T00:00:00.000","95.0","VA","1"
"10001","Milano - Viale Marche","2025-01-02T00:00:00.000","95.0","VA","1"
"10001","Milano - Viale Marche","2025-01-03T00:00:00.000","87.1","VA","1"
"10001","Milano - Viale Marche","2025-01-04T00:00:00.000","95.0","VA","1"
"10001","Milano - Viale Marche","2025-01-05T00:00:00.000","85.3","VA","1"
"10001","Milano - Viale Marche","2025-01-06T00:00:00.000","93.5","VA","1"
"10001","Milano - Viale Marche","2025-01-07T00:00:00.000","95.0","VA","1"
"10001","Milano - Viale Marche","2025-01-08T00:00:00.000","95.0","VA","1"
"10001","Milano - Viale Marche","2025-01-09T00:00:00.000","95.0","VA","1"
"10001","Milano - Viale Marche","2025-01-10T00:00:00.000","95.0","VA","1"
"10001","Milano - Viale Marche","2025-01-11T00:00:00.000","88.0","VA","1"
"10001","Milano - Viale Marche","2025-01-12T00:00:00.000","95.0","VA","1"
"10001","Milano - Viale Marche","2025-01-13T00:00:00.000","94.3","VA","1"
"10001","Milano - Viale Marche","2025-01-14T00:00:00.000","95.0","VA","1"
"10001","Milano - Viale Marche","2025-01-15T00:00:00.000","88.9","VA","1"
"10001","Milano - Viale Marche","2025-01-16T00:00:00.000","91.7","VA","1"
"10001","Milano - Viale Marche","2025-01-17T00:00:00.000","90.8","VA","1"
"10001","Milano - Viale Marche","2025-01-18T00:00:00.000","95.0","VA","1"
"10001","Milano - Viale Marche","2025-01-19T00:00:00.000","95.0","VA","1"
"10001","Milano - Viale Marche","2025-01-20T00:00:00.000","95.0","VA","1"
"10001","Milano - Viale Marche","2025-01-21T00:00:00.000","89.6","VA","1"
"10001","Milano - Viale Marche","2025-01-22T00:00:00.000","-9999","NA","1"
"10001","Milano - Viale Marche","2025-01-23T00:00:00.000","95.0","VA","1"
"10001","Milano - Viale Marche","2025-01-24T00:00:00.000","-9999","NA","1"
"10001","Milano - Viale Marche","2025-01-25T00:00:00.000","92.4","VA","1"
"10001","Milano - Viale Marche","2025-01-26T00:00:00.000","87.1","VA","1"
"10001","Milano - Viale Marche","2025-01-27T00:00:00.000","87.4","VA","1"
"10001","Milano - Viale Marche","2025-01-28T00:00:00.000","95.0","VA","1"
"10001","Milano - Viale Marche","2025-01-29T00:00:00.000","95.0","VA","1"
"10001","Milano - Viale Marche","2025-01-30T00:00:00.000","95.0","VA","1"
"10001","Milano - Viale Marche","2025-01-31T00:00:00.000","95.0","VA","1"
"10001","Milano - Viale Marche","2025-02-01T00:00:00.000","87.6","VA","1"
"10001","Milano - Viale Marche","2025-02-02T00:00:00.000","-9999","NA","1"
"10001","Milano - Viale Marche","2025-02-03T00:00:00.000","93.2","VA","1"
"10001","Milano - Viale Marche","2025-02-04T00:00:00.000","93.4","VA","1"
"10001","Milano - Viale Marche","2025-02-05T00:00:00.000","79.6","VA","1"
"10001","Milano - Viale Marche","2025-02-06T00:00:00.000","-9999","NA","1"
"10001","Milano - Viale Marche","2025-02-07T00:00:00.000","90.8","VA","1"
"10001","Milano - Viale Marche","2025-02-08T00:00:00.000","84.5","VA","1"
"10001","Milano - Viale Marche","2025-02-09T00:00:00.000","95.0","VA","1"
"10001","Milano - Viale Marche","2025-02-10T00:00:00.000","82.9","VA","1"
"10001","Milano - Viale Marche","2025-02-11T00:00:00.000","94.0","VA","1"
"10001","Milano - Viale Marche","2025-02-12T00:00:00.000","95.0","VA","1"
"10001","Milano - Viale Marche","2025-02-13T00:00:00.000","94.4","VA","1"
"10001","Milano - Viale Marche","2025-02-14T00:00:00.000","85.1","VA","1"
"10001","Milano - Viale Marche","2025-02-15T00:00:00.000","94.4","VA","1"
"10001","Milano - Viale Marche","2025-02-16T00:00:00.000","83.9","VA","1"
"10001","Milano - Viale Marche","2025-02-17T00:00:00.000","82.2","VA","1"
"10001","Milano - Viale Marche","2025-02-18T00:00:00.000","95.0","VA","1"
"10001","Milano - Viale Marche","2025-02-19T00:00:00.000","91.8","VA","1"
"10001","Milano - Viale Marche","2025-02-20T00:00:00.000","93.5","VA","1"
"10001","Milano - Viale Marche","2025-02-21T00:00:00.000","81.7","VA","1"
"10001","Milano - Viale Marche","2025-02-22T00:00:00.000","90.9","VA","1"
"10001","Milano - Viale Marche","2025-02-23T00:00:00.000","87.7","VA","1"
"10001","Milano - Viale Marche","2025-02-24T00:00:00.000","86.9","VA","1"
"10001","Milano - Viale Marche","2025-02-25T00:00:00.000","95.0","VA","1"
"10001","Milano - Viale Marche","2025-02-26T00:00:00.000","84.1","VA","1"
"10001","Milano - Viale Marche","2025-02-27T00:00:00.000","90.0","VA","1"
"10001","Milano - Viale Marche","2025-02-28T00:00:00.000","82.2","VA","1"
"10001","Milano - Viale Marche","2025-03-01T00:00:00.000","66.4","VA","1"
"10001","Milano - Viale Marche","2025-03-02T00:00:00.000","78.1","VA","1"
"10001","Milano - Viale Marche","2025-03-03T00:00:00.000","70.5","VA","1"
"10001","Milano - Viale Marche","2025-03-04T00:00:00.000","71.0","VA","1"
"10001","Milano - Viale Marche","2025-03-05T00:00:00.000","71.0","VA","1"
"10001","Milano - Viale Marche","2025-03-06T00:00:00.000","78.8","VA","1"
"10001","Milano - Viale Marche","2025-03-07T00:00:00.000","83.5","VA","1"
"10001","Milano - Viale Marche","2025-03-08T00:00:00.000","71.5","VA","1"
"10001","Milano - Viale Marche","2025-03-09T00:00:00.000","67.1","VA","1"
"10001","Milano - Viale Marche","2025-03-10T00:00:00.000","72.5","VA","1"
"10001","Milano - Viale Marche","2025-03-11T00:00:00.000","79.2","VA","1"
"10001","Milano - Viale Marche","2025-03-12T00:00:00.000","76.4","VA","1"
"10001","Milano - Viale Marche","2025-03-13T00:00:00.000","72.9","VA","1"
"10001","Milano - Viale Marche","2025-03-14T00:00:00.000","67.7","VA","1"
"10001","Milano - Viale Marche","2025-03-15T00:00:00.000","70.5","VA","1"
"10001","Milano - Viale Marche","2025-03-16T00:00:00.000","70.7","VA","1"
"10001","Milano - Viale Marche","2025-03-17T00:00:00.000","-9999","NA","1"
"10001","Milano - Viale Marche","2025-03-18T00:00:00.000","77.1","VA","1"
"10001","Milano - Viale Marche","2025-03-19T00:00:00.000","79.8","VA","1"
"10001","Milano - Viale Marche","2025-03-20T00:00:00.000","83.5","VA","1"
"10001","Milano - Viale Marche","2025-03-21T00:00:00.000","70.5","VA","1"
"10001","Milano - Viale Marche","2025-03-22T00:00:00.000","76.4","VA","1"
"10001","Milano - Viale Marche","2025-03-23T00:00:00.000","82.1","VA","1"
"10001","Milano - Viale Marche","2025-03-24T00:00:00.000","80.4","VA","1"
"10001","Milano - Viale Marche","2025-03-25T00:00:00.000","66.4","VA","1"
"10001","Milano - Viale Marche","2025-03-26T00:00:00.000","80.3","VA","1"
"10001","Milano - Viale Marche","2025-03-27T00:00:00.000","71.1","VA","1"
"10001","Milano - Viale Marche","2025-03-28T00:00:00.000","79.2","VA","1"
"10001","Milano - Viale Marche","2025-03-29T00:00:00.000","81.3","VA","1"
"10001","Milano - Viale Marche","2025-03-30T00:00:00.000","67.2","VA","1"
"10001","Milano - Viale Marche","2025-03-31T00:00:00.000","77.3","VA","1"
"10001","Milano - Viale Marche","2025-04-01T00:00:00.000","59.2","VA","1"
"10001","Milano - Viale Marche","2025-04-02T00:00:00.000","52.9","VA","1"
"10001","Milano - Viale Marche","2025-04-03T00:00:00.000","53.7","VA","1"
"10001","Milano - Viale Marche","2025-04-04T00:00:00.000","56.0","VA","1"
"10001","Milano - Viale Marche","2025-04-05T00:00:00.000","54.7","VA","1"
"10001","Milano - Viale Marche","2025-04-06T00:00:00.000","54.9","VA","1"
"10001","Milano - Viale Marche","2025-04-07T00:00:00.000","56.2","VA","1"
"10001","Milano - Viale Marche","2025-04-08T00:00:00.000","47.4","VA","1"
"10001","Milano - Viale Marche","2025-04-09T00:00:00.000","55.7","VA","1"
"10001","Milano - Viale Marche","2025-04-10T00:00:00.000","46.3","VA","1"
"10001","Milano - Viale Marche","2025-04-11T00:00:00.000","44.9","VA","1"
"10001","Milano - Viale Marche","2025-04-12T00:00:00.000","44.0","VA","1"
"10001","Milano - Viale Marche","2025-04-13T00:00:00.000","47.1","VA","1"
"10001","Milano - Viale Marche","2025-04-14T00:00:00.000","58.1","VA","1"
"10001","Milano - Viale Marche","2025-04-15T00:00:00.000","63.2","VA","1"
"10001","Milano - Viale Marche","2025-04-16T00:00:00.000","57.7","VA","1"
"10001","Milano - Viale Marche","2025-04-17T00:00:00.000","60.2","VA","1"
"10001","Milano - Viale Marche","2025-04-18T00:00:00.000","46.4","VA","1"
"10001","Milano - Viale Marche","2025-04-19T00:00:00.000","49.1","VA","1"
"10001","Milano - Viale Marche","2025-04-20T00:00:00.000","49.2","VA","1"
"10001","Milano - Viale Marche","2025-04-21T00:00:00.000","48.6","VA","1"
"10001","Milano - Viale Marche","2025-04-22T00:00:00.000","55.9","VA","1"
"10001","Milano - Viale Marche","2025-04-23T00:00:00.000","48.5","VA","1"
"10001","Milano - Viale Marche","2025-04-24T00:00:00.000","56.9","VA","1"
"10001","Milano - Viale Marche","2025-04-25T00:00:00.000","49.6","VA","1"
"10001","Milano - Viale Marche","2025-04-26T00:00:00.000","59.2","VA","1"
"10001","Milano - Viale Marche","2025-04-27T00:00:00.000","45.1","VA","1"
"10001","Milano - Viale Marche","2025-04-28T00:00:00.000","59.0","VA","1"
"10001","Milano - Viale Marche","2025-04-29T00:00:00.000","57.8","VA","1"
"10001","Milano - Viale Marche","2025-04-30T00:00:00.000","60.3","VA","1"
"10001","Milano - Viale Marche","2025-05-01T00:00:00.000","30.8","VA","1"
"10001","Milano - Viale Marche","2025-05-02T00:00:00.000","25.2","VA","1"
"10001","Milano - Viale Marche","2025-05-03T00:00:00.000","36.8","VA","1"
"10001","Milano - Viale Marche","2025-05-04T00:00:00.000","29.1","VA","1"
"10001","Milano - Viale Marche","2025-05-05T00:00:00.000","32.8","VA","1"
"10001","Milano - Viale Marche","2025-05-06T00:00:00.000","-9999","NA","1"
"10001","Milano - Viale Marche","2025-05-07T00:00:00.000","25.4","VA","1"
"10001","Milano - Viale Marche","2025-05-08T00:00:00.000","33.7","VA","1"
"10001","Milano - Viale Marche","2025-05-09T00:00:00.000","42.0","VA","1"
"10001","Milano - Viale Marche","2025-05-10T00:00:00.000","-9999","NA","1"
"10001","Milano - Viale Marche","2025-05-11T00:00:00.000","29.2","VA","1"
"10001","Milano - Viale Marche","2025-05-12T00:00:00.000","41.7","VA","1"
"10001","Milano - Viale Marche","2025-05-13T00:00:00.000","25.3","VA","1"
"10001","Milano - Viale Marche","2025-05-14T00:00:00.000","36.3","VA","1"
"10001","Milano - Viale Marche","2025-05-15T00:00:00.000","40.4","VA","1"
"10001","Milano - Viale Marche","2025-05-16T00:00:00.000","25.5","VA","1"
"10001","Milano - Viale Marche","2025-05-17T00:00:00.000","34.2","VA","1"
"10001","Milano - Viale Marche","2025-05-18T00:00:00.000","24.5","VA","1"
"10001","Milano - Viale Marche","2025-05-19T00:00:00.000","29.6","VA","1"
"10001","Milano - Viale Marche","2025-05-20T00:00:00.000","39.4","VA","1"
"10001","Milano - Viale Marche","2025-05-21T00:00:00.000","34.5","VA","1"
"10001","Milano - Viale Marche","2025-05-22T00:00:00.000","26.3","VA","1"
"10001","Milano - Viale Marche","2025-05-23T00:00:00.000","39.9","VA","1"
"10001","Milano - Viale Marche","2025-05-24T00:00:00.000","23.0","VA","1"
"10001","Milano - Viale Marche","2025-05-25T00:00:00.000","26.5","VA","1"
"10001","Milano - Viale Marche","2025-05-26T00:00:00.000","-9999","NA","1"
"10001","Milano - Viale Marche","2025-05-27T00:00:00.000","25.2","VA","1"
"10001","Milano - Viale Marche","2025-05-28T00:00:00.000","25.8","VA","1"
"10001","Milano - Viale Marche","2025-05-29T00:00:00.000","25.3","VA","1"
"10001","Milano - Viale Marche","2025-05-30T00:00:00.000","-9999","NA","1"
"10001","Milano - Viale Marche","2025-05-31T00:00:00.000","38.0","VA","1"
"10001","Milano - Viale Marche","2025-06-01T00:00:00.000","27.3","VA","1"
"10001","Milano - Viale Marche","2025-06-02T00:00:00.000","15.9","VA","1"
"10001","Milano - Viale Marche","2025-06-03T00:00:00.000","13.1","VA","1"
"10001","Milano - Viale Marche","2025-06-04T00:00:00.000","17.7","VA","1"
"10001","Milano - Viale Marche","2025-06-05T00:00:00.000","27.1","VA","1"
"10001","Milano - Viale Marche","2025-06-06T00:00:00.000","-9999","NA","1"
"10001","Milano - Viale Marche","2025-06-07T00:00:00.000","22.5","VA","1"
"10001","Milano - Viale Marche","2025-06-08T00:00:00.000","13.9","VA","1"
"10001","Milano - Viale Marche","2025-06-09T00:00:00.000","27.2","VA","1"
"10001","Milano - Viale Marche","2025-06-10T00:00:00.000","21.7","VA","1"
"10001","Milano - Viale Marche","2025-06-11T00:00:00.000","13.3","VA","1"
"10001","Milano - Viale Marche","2025-06-12T00:00:00.000","23.7","VA","1"
"10001","Milano - Viale Marche","2025-06-13T00:00:00.000","26.9","VA","1"
"10001","Milano - Viale Marche","2025-06-14T00:00:00.000","24.1","VA","1"
"10001","Milano - Viale Marche","2025-06-15T00:00:00.000","22.0","VA","1"
"10001","Milano - Viale Marche","2025-06-16T00:00:00.000","12.6","VA","1"
"10001","Milano - Viale Marche","2025-06-17T00:00:00.000","12.0","VA","1"
"10001","Milano - Viale Marche","2025-06-18T00:00:00.000","24.6","VA","1"
"10001","Milano - Viale Marche","2025-06-19T00:00:00.000","19.5","VA","1"
"10001","Milano - Viale Marche","2025-06-20T00:00:00.000","17.7","VA","1"
"10001","Milano - Viale Marche","2025-06-21T00:00:00.000","12.4","VA","1"
"10001","Milano - Viale Marche","2025-06-22T00:00:00.000","12.0","VA","1"
"10001","Milano - Viale Marche","2025-06-23T00:00:00.000","16.7","VA","1"
"10001","Milano - Viale Marche","2025-06-24T00:00:00.000","27.0","VA","1"
"10001","Milano - Viale Marche","2025-06-25T00:00:00.000","12.0","VA","1"
"10001","Milano - Viale Marche","2025-06-26T00:00:00.000","24.1","VA","1"
"10001","Milano - Viale Marche","2025-06-27T00:00:00.000","-9999","NA","1"
"10001","Milano - Viale Marche","2025-06-28T00:00:00.000","12.1","VA","1"
"10001","Milano - Viale Marche","2025-06-29T00:00:00.000","16.6","VA","1"
"10001","Milano - Viale Marche","2025-06-30T00:00:00.000","12.2","VA","1"
"10001","Milano - Viale Marche","2025-07-01T00:00:00.000","12.0","VA","1"
"10001","Milano - Viale Marche","2025-07-02T00:00:00.000","17.7","VA","1"
"10001","Milano - Viale Marche","2025-07-03T00:00:00.000","12.0","VA","1"
"10001","Milano - Viale Marche","2025-07-04T00:00:00.000","18.1","VA","1"
"10001","Milano - Viale Marche","2025-07-05T00:00:00.000","15.7","VA","1"
"10001","Milano - Viale Marche","2025-07-06T00:00:00.000","20.6","VA","1"
"10001","Milano - Viale Marche","2025-07-07T00:00:00.000","12.0","VA","1"
"10001","Milano - Viale Marche","2025-07-08T00:00:00.000","14.6","VA","1"
"10001","Milano - Viale Marche","2025-07-09T00:00:00.000","12.0","VA","1"
"10001","Milano - Viale Marche","2025-07-10T00:00:00.000","15.0","VA","1"
"10001","Milano - Viale Marche","2025-07-11T00:00:00.000","12.0","VA","1"
"10001","Milano - Viale Marche","2025-07-12T00:00:00.000","18.1","VA","1"
"10001","Milano - Viale Marche","2025-07-13T00:00:00.000","15.6","VA","1"
"10001","Milano - Viale Marche","2025-07-14T00:00:00.000","12.8","VA","1"
"10001","Milano - Viale Marche","2025-07-15T00:00:00.000","12.0","VA","1"
"10001","Milano - Viale Marche","2025-07-16T00:00:00.000","12.0","VA","1"
"10001","Milano - Viale Marche","2025-07-17T00:00:00.000","12.0","VA","1"
"10001","Milano - Viale Marche","2025-07-18T00:00:00.000","12.0","VA","1"
"10001","Milano - Viale Marche","2025-07-19T00:00:00.000","13.5","VA","1"
"10001","Milano - Viale Marche","2025-07-20T00:00:00.000","12.0","VA","1"
"10001","Milano - Viale Marche","2025-07-21T00:00:00.000","12.4","VA","1"
"10001","Milano - Viale Marche","2025-07-22T00:00:00.000","12.0","VA","1"
"10001","Milano - Viale Marche","2025-07-23T00:00:00.000","12.0","VA","1"
"10001","Milano - Viale Marche","2025-07-24T00:00:00.000","20.7","VA","1"
"10001","Milano - Viale Marche","2025-07-25T00:00:00.000","12.0","VA","1"
"10001","Milano - Viale Marche","2025-07-26T00:00:00.000","15.2","VA","1"
"10001","Milano - Viale Marche","2025-07-27T00:00:00.000","12.0","VA","1"
"10001","Milano - Viale Marche","2025-07-28T00:00:00.000","12.0","VA","1"
"10001","Milano - Viale Marche","2025-07-29T00:00:00.000","18.2","VA","1"
"10001","Milano - Viale Marche","2025-07-30T00:00:00.000","17.8","VA","1"
"10001","Milano - Viale Marche","2025-07-31T00:00:00.000","12.1","VA","1"
"10001","Milano - Viale Marche","2025-08-01T00:00:00.000","-9999","NA","1"
"10001","Milano - Viale Marche","2025-08-02T00:00:00.000","12.0","VA","1"
"10001","Milano - Viale Marche","2025-08-03T00:00:00.000","16.1","VA","1"
"10001","Milano - Viale Marche","2025-08-04T00:00:00.000","17.6","VA","1"
"10001","Milano - Viale Marche","2025-08-05T00:00:00.000","19.8","VA","1"
"10001","Milano - Viale Marche","2025-08-06T00:00:00.000","12.0","VA","1"
"10001","Milano - Viale Marche","2025-08-07T00:00:00.000","16.6","VA","1"
"10001","Milano - Viale Marche","2025-08-08T00:00:00.000","17.3","VA","1"
"10001","Milano - Viale Marche","2025-08-09T00:00:00.000","27.0","VA","1"
"10001","Milano - Viale Marche","2025-08-10T00:00:00.000","14.4","VA","1"
"10001","Milano - Viale Marche","2025-08-11T00:00:00.000","24.7","VA","1"
"10001","Milano - Viale Marche","2025-08-12T00:00:00.000","19.9","VA","1"
"10001","Milano - Viale Marche","2025-08-13T00:00:00.000","14.1","VA","1"
"10001","Milano - Viale Marche","2025-08-14T00:00:00.000","25.6","VA","1"
"10001","Milano - Viale Marche","2025-08-15T00:00:00.000","21.8","VA","1"
"10001","Milano - Viale Marche","2025-08-16T00:00:00.000","19.2","VA","1"
"10001","Milano - Viale Marche","2025-08-17T00:00:00.000","19.1","VA","1"
"10001","Milano - Viale Marche","2025-08-18T00:00:00.000","16.8","VA","1"
"10001","Milano - Viale Marche","2025-08-19T00:00:00.000","26.1","VA","1"
"10001","Milano - Viale Marche","2025-08-20T00:00:00.000","22.7","VA","1"
"10001","Milano - Viale Marche","2025-08-21T00:00:00.000","12.7","VA","1"
"10001","Milano - Viale Marche","2025-08-22T00:00:00.000","13.4","VA","1"
"10001","Milano - Viale Marche","2025-08-23T00:00:00.000","12.0","VA","1"
"10001","Milano - Viale Marche","2025-08-24T00:00:00.000","22.5","VA","1"
"10001","Milano - Viale Marche","2025-08-25T00:00:00.000","12.0","VA","1"
"10001","Milano - Viale Marche","2025-08-26T00:00:00.000","12.4","VA","1"
"10001","Milano - Viale Marche","2025-08-27T00:00:00.000","12.0","VA","1"
"10001","Milano - Viale Marche","2025-08-28T00:00:00.000","21.2","VA","1"
"10001","Milano - Viale Marche","2025-08-29T00:00:00.000","-9999","NA","1"
"10001","Milano - Viale Marche","2025-08-30T00:00:00.000","19.5","VA","1"
"10001","Milano - Viale Marche","2025-08-31T00:00:00.000","12.1","VA","1"
"10001","Milano - Viale Marche","2025-09-01T00:00:00.000","31.0","VA","1"
"10001","Milano - Viale Marche","2025-09-02T00:00:00.000","41.3","VA","1"
"10001","Milano - Viale Marche","2025-09-03T00:00:00.000","26.8","VA","1"
"10001","Milano - Viale Marche","2025-09-04T00:00:00.000","28.8","VA","1"
"10001","Milano - Viale Marche","2025-09-05T00:00:00.000","27.4","VA","1"
"10001","Milano - Viale Marche","2025-09-06T00:00:00.000","38.6","VA","1"
"10001","Milano - Viale Marche","2025-09-07T00:00:00.000","33.9","VA","1"
"10001","Milano - Viale Marche","2025-09-08T00:00:00.000","28.7","NA","1"
"10001","Milano - Viale Marche","2025-09-09T00:00:00.000","24.3","NA","1"
"10001","Milano - Viale Marche","2025-09-10T00:00:00.000","28.8","NA","1"
"10001","Milano - Viale Marche","2025-09-11T00:00:00.000","37.0","NA","1"
"10001","Milano - Viale Marche","2025-09-12T00:00:00.000","41.5","NA","1"
"10001","Milano - Viale Marche","2025-09-13T00:00:00.000","23.2","VA","1"
"10001","Milano - Viale Marche","2025-09-14T00:00:00.000","36.5","VA","1"
"10001","Milano - Viale Marche","2025-09-15T00:00:00.000","26.8","VA","1"
"10001","Milano - Viale Marche","2025-09-16T00:00:00.000","29.6","VA","1"
"10001","Milano - Viale Marche","2025-09-17T00:00:00.000","32.5","VA","1"
"10001","Milano - Viale Marche","2025-09-18T00:00:00.000","27.1","VA","1"
"10001","Milano - Viale Marche","2025-09-19T00:00:00.000","36.9","VA","1"
"10001","Milano - Viale Marche","2025-09-20T00:00:00.000","23.7","VA","1"
"10001","Milano - Viale Marche","2025-09-21T00:00:00.000","23.4","VA","1"
"10001","Milano - Viale Marche","2025-09-22T00:00:00.000","41.2","VA","1"
"10001","Milano - Viale Marche","2025-09-23T00:00:00.000","35.4","VA","1"
"10001","Milano - Viale Marche","2025-09-24T00:00:00.000","37.5","VA","1"
"10001","Milano - Viale Marche","2025-09-25T00:00:00.000","32.6","VA","1"
"10001","Milano - Viale Marche","2025-09-26T00:00:00.000","28.5","VA","1"
"10001","Milano - Viale Marche","2025-09-27T00:00:00.000","35.6","VA","1"
"10001","Milano - Viale Marche","2025-09-28T00:00:00.000","25.5","VA","1"
"10001","Milano - Viale Marche","2025-09-29T00:00:00.000","32.4","VA","1"
"10001","Milano - Viale Marche","2025-09-30T00:00:00.000","37.1","VA","1"
"10001","Milano - Viale Marche","2025-10-01T00:00:00.000","46.8","VA","1"
"10001","Milano - Viale Marche","2025-10-02T00:00:00.000","55.7","VA","1"
"10001","Milano - Viale Marche","2025-10-03T00:00:00.000","54.0","VA","1"
"10001","Milano - Viale Marche","2025-10-04T00:00:00.000","50.0","VA","1"
"10001","Milano - Viale Marche","2025-10-05T00:00:00.000","55.7","VA","1"
"10001","Milano - Viale Marche","2025-10-06T00:00:00.000","51.0","VA","1"
"10001","Milano - Viale Marche","2025-10-07T00:00:00.000","57.7","VA","1"
"10001","Milano - Viale Marche","2025-10-08T00:00:00.000","53.1","VA","1"
"10001","Milano - Viale Marche","2025-10-09T00:00:00.000","58.6","VA","1"
"10001","Milano - Viale Marche","2025-10-10T00:00:00.000","55.3","VA","1"
"10001","Milano - Viale Marche","2025-10-11T00:00:00.000","55.4","VA","1"
"10001","Milano - Viale Marche","2025-10-12T00:00:00.000","51.2","VA","1"
"10001","Milano - Viale Marche","2025-10-13T00:00:00.000","52.4","VA","1"
"10001","Milano - Viale Marche","2025-10-14T00:00:00.000","45.9","VA","1"
"10001","Milano - Viale Marche","2025-10-15T00:00:00.000","46.0","VA","1"
"10001","Milano - Viale Marche","2025-10-16T00:00:00.000","54.5","VA","1"
"10001","Milano - Viale Marche","2025-10-17T00:00:00.000","56.6","VA","1"
"10001","Milano - Viale Marche","2025-10-18T00:00:00.000","43.6","VA","1"
"10001","Milano - Viale Marche","2025-10-19T00:00:00.000","54.2","VA","1"
"10001","Milano - Viale Marche","2025-10-20T00:00:00.000","46.3","VA","1"
"10001","Milano - Viale Marche","2025-10-21T00:00:00.000","57.1","VA","1"
"10001","Milano - Viale Marche","2025-10-22T00:00:00.000","45.0","VA","1"
"10001","Milano - Viale Marche","2025-10-23T00:00:00.000","57.9","VA","1"
"10001","Milano - Viale Marche","2025-10-24T00:00:00.000","43.6","VA","1"
"10001","Milano - Viale Marche","2025-10-25T00:00:00.000","-9999","NA","1"
"10001","Milano - Viale Marche","2025-10-26T00:00:00.000","61.6","VA","1"
"10001","Milano - Viale Marche","2025-10-27T00:00:00.000","45.3","VA","1"
"10001","Milano - Viale Marche","2025-10-28T00:00:00.000","57.2","VA","1"
"10001","Milano - Viale Marche","2025-10-29T00:00:00.000","44.2","VA","1"
"10001","Milano - Viale Marche","2025-10-30T00:00:00.000","51.1","VA","1"
"10001","Milano - Viale Marche","2025-10-31T00:00:00.000","54.5","VA","1"
"10001","Milano - Viale Marche","2025-11-01T00:00:00.000","70.8","VA","1"
"10001","Milano - Viale Marche","2025-11-02T00:00:00.000","67.6","VA","1"
"10001","Milano - Viale Marche","2025-11-03T00:00:00.000","-9999","NA","1"
"10001","Milano - Viale Marche","2025-11-04T00:00:00.000","67.6","VA","1"
"10001","Milano - Viale Marche","2025-11-05T00:00:00.000","-9999","NA","1"
"10001","Milano - Viale Marche","2025-11-06T00:00:00.000","76.0","VA","1"
"10001","Milano - Viale Marche","2025-11-07T00:00:00.000","79.5","VA","1"
"10001","Milano - Viale Marche","2025-11-08T00:00:00.000","79.7","VA","1"
"10001","Milano - Viale Marche","2025-11-09T00:00:00.000","80.8","VA","1"
"10001","Milano - Viale Marche","2025-11-10T00:00:00.000","79.3","VA","1"
"10001","Milano - Viale Marche","2025-11-11T00:00:00.000","81.9","VA","1"
"10001","Milano - Viale Marche","2025-11-12T00:00:00.000","74.1","VA","1"
"10001","Milano - Viale Marche","2025-11-13T00:00:00.000","72.0","VA","1"
"10001","Milano - Viale Marche","2025-11-14T00:00:00.000","-9999","NA","1"
"10001","Milano - Viale Marche","2025-11-15T00:00:00.000","74.6","VA","1"
"10001","Milano - Viale Marche","2025-11-16T00:00:00.000","67.3","VA","1"
"10001","Milano - Viale Marche","2025-11-17T00:00:00.000","-9999","NA","1"
"10001","Milano - Viale Marche","2025-11-18T00:00:00.000","82.3","VA","1"
"10001","Milano - Viale Marche","2025-11-19T00:00:00.000","-9999","NA","1"
"10001","Milano - Viale Marche","2025-11-20T00:00:00.000","72.4","VA","1"
"10001","Milano - Viale Marche","2025-11-21T00:00:00.000","76.7","VA","1"
"10001","Milano - Viale Marche","2025-11-22T00:00:00.000","77.7","VA","1"
"10001","Milano - Viale Marche","2025-11-23T00:00:00.000","65.8","VA","1"
"10001","Milano - Viale Marche","2025-11-24T00:00:00.000","65.9","VA","1"
"10001","Milano - Viale Marche","2025-11-25T00:00:00.000","64.5","VA","1"
"10001","Milano - Viale Marche","2025-11-26T00:00:00.000","80.5","VA","1"
"10001","Milano - Viale Marche","2025-11-27T00:00:00.000","65.0","VA","1"
"10001","Milano - Viale Marche","2025-11-28T00:00:00.000","81.5","VA","1"
"10001","Milano - Viale Marche","2025-11-29T00:00:00.000","77.6","VA","1"
"10001","Milano - Viale Marche","2025-11-30T00:00:00.000","75.5","VA","1"
"10001","Milano - Viale Marche","2025-12-01T00:00:00.000","83.7","VA","1"
"10001","Milano - Viale Marche","2025-12-02T00:00:00.000","93.4","VA","1"
"10001","Milano - Viale Marche","2025-12-03T00:00:00.000","95.0","VA","1"
"10001","Milano - Viale Marche","2025-12-04T00:00:00.000","90.5","VA","1"
"10001","Milano - Viale Marche","2025-12-05T00:00:00.000","83.0","VA","1"
"10001","Milano - Viale Marche","2025-12-06T00:00:00.000","88.6","VA","1"
"10001","Milano - Viale Marche","2025-12-07T00:00:00.000","-9999","NA","1"
"10001","Milano - Viale Marche","2025-12-08T00:00:00.000","91.3","VA","1"
"10001","Milano - Viale Marche","2025-12-09T00:00:00.000","-9999","NA","1"
"10001","Milano - Viale Marche","2025-12-10T00:00:00.000","95.0","VA","1"
"10001","Milano - Viale Marche","2025-12-11T00:00:00.000","92.4","VA","1"
"10001","Milano - Viale Marche","2025-12-12T00:00:00.000","87.1","VA","1"
"10001","Milano - Viale Marche","2025-12-13T00:00:00.000","87.6","VA","1"
"10001","Milano - Viale Marche","2025-12-14T00:00:00.000","85.4","VA","1"
"10001","Milano - Viale Marche","2025-12-15T00:00:00.000","95.0","VA","1"
"10001","Milano - Viale Marche","2025-12-16T00:00:00.000","90.0","VA","1"
"10001","Milano - Viale Marche","2025-12-17T00:00:00.000","80.3","VA","1"
"10001","Milano - Viale Marche","2025-12-18T00:00:00.000","79.6","VA","1"
"10001","Milano - Viale Marche","2025-12-19T00:00:00.000","83.6","VA","1"
"10001","Milano - Viale Marche","2025-12-20T00:00:00.000","82.6","VA","1"
"10001","Milano - Viale Marche","2025-12-21T00:00:00.000","87.6","VA","1"
"10001","Milano - Viale Marche","2025-12-22T00:00:00.000","82.4","VA","1"
"10001","Milano - Viale Marche","2025-12-23T00:00:00.000","79.6","VA","1"
"10001","Milano - Viale Marche","2025-12-24T00:00:00.000","82.7","VA","1"
"10001","Milano - Viale Marche","2025-12-25T00:00:00.000","81.0","VA","1"
"10001","Milano - Viale Marche","2025-12-26T00:00:00.000","89.1","VA","1"
"10001","Milano - Viale Marche","2025-12-27T00:00:00.000","92.3","VA","1"
"10001","Milano - Viale Marche","2025-12-28T00:00:00.000","84.5","VA","1"
"10001","Milano - Viale Marche","2025-12-29T00:00:00.000","86.9","VA","1"
"10001","Milano - Viale Marche","2025-12-30T00:00:00.000","82.8","VA","1"
"10001","Milano - Viale Marche","2025-12-31T00:00:00.000","95.0","VA","1"
"10002","Milano - Viale Marche","2025-01-01T00:00:00.000","67.4","VA","1"
"10002","Milano - Viale Marche","2025-01-02T00:00:00.000","65.7","VA","1"
"10002","Milano - Viale Marche","2025-01-03T00:00:00.000","72.0","VA","1"
"10002","Milano - Viale Marche","2025-01-04T00:00:00.000","72.0","VA","1"
"10002","Milano - Viale Marche","2025-01-05T00:00:00.000","72.0","VA","1"
"10002","Milano - Viale Marche","2025-01-06T00:00:00.000","-9999","NA","1"
"10002","Milano - Viale Marche","2025-01-07T00:00:00.000","69.5","VA","1"
"10002","Milano - Viale Marche","2025-01-08T00:00:00.000","71.4","VA","1"
"10002","Milano - Viale Marche","2025-01-09T00:00:00.000","71.2","VA","1"
"10002","Milano - Viale Marche","2025-01-10T00:00:00.000","72.0","VA","1"
"10002","Milano - Viale Marche","2025-01-11T00:00:00.000","-9999","NA","1"
"10002","Milano - Viale Marche","2025-01-12T00:00:00.000","70.9","VA","1"
"10002","Milano - Viale Marche","2025-01-13T00:00:00.000","69.3","VA","1"
"10002","Milano - Viale Marche","2025-01-14T00:00:00.000","62.1","VA","1"
"10002","Milano - Viale Marche","2025-01-15T00:00:00.000","70.4","VA","1"
"10002","Milano - Viale Marche","2025-01-16T00:00:00.000","61.5","VA","1"
"10002","Milano - Viale Marche","2025-01-17T00:00:00.000","-9999","NA","1"
"10002","Milano - Viale Marche","2025-01-18T00:00:00.000","68.3","VA","1"
"10002","Milano - Viale Marche","2025-01-19T00:00:00.000","70.3","VA","1"
"10002","Milano - Viale Marche","2025-01-20T00:00:00.000","69.7","VA","1"
"10002","Milano - Viale Marche","2025-01-21T00:00:00.000","71.0","VA","1"
"10002","Milano - Viale Marche","2025-01-22T00:00:00.000","60.6","VA","1"
"10002","Milano - Viale Marche","2025-01-23T00:00:00.000","68.2","VA","1"
"10002","Milano - Viale Marche","2025-01-24T00:00:00.000","66.3","VA","1"
"10002","Milano - Viale Marche","2025-01-25T00:00:00.000","72.0","VA","1"
"10002","Milano - Viale Marche","2025-01-26T00:00:00.000","63.9","VA","1"
"10002","Milano - Viale Marche","2025-01-27T00:00:00.000","66.4","VA","1"
"10002","Milano - Viale Marche","2025-01-28T00:00:00.000","68.7","VA","1"
"10002","Milano - Viale Marche","2025-01-29T00:00:00.000","68.1","VA","1"
"10002","Milano - Viale Marche","2025-01-30T00:00:00.000","67.5","VA","1"
"10002","Milano - Viale Marche","2025-01-31T00:00:00.000","70.5","VA","1"
"10002","Milano - Viale Marche","2025-02-01T00:00:00.000","60.9","VA","1"
"10002","Milano - Viale Marche","2025-02-02T00:00:00.000","49.2","VA","1"
"10002","Milano - Viale Marche","2025-02-03T00:00:00.000","61.2","VA","1"
"10002","Milano - Viale Marche","2025-02-04T00:00:00.000","53.4","VA","1"
"10002","Milano - Viale Marche","2025-02-05T00:00:00.000","56.7","VA","1"
"10002","Milano - Viale Marche","2025-02-06T00:00:00.000","55.8","VA","1"
"10002","Milano - Viale Marche","2025-02-07T00:00:00.000","56.7","VA","1"
"10002","Milano - Viale Marche","2025-02-08T00:00:00.000","56.7","VA","1"
"10002","Milano - Viale Marche","2025-02-09T00:00:00.000","-9999","NA","1"
"10002","Milano - Viale Marche","2025-02-10T00:00:00.000","63.5","VA","1"
"10002","Milano - Viale Marche","2025-02-11T00:00:00.000","59.9","VA","1"
"10002","Milano - Viale Marche","2025-02-12T00:00:00.000","58.1","VA","1"
"10002","Milano - Viale Marche","2025-02-13T00:00:00.000","57.5","VA","1"
"10002","Milano - Viale Marche","2025-02-14T00:00:00.000","56.6","VA","1"
"10002","Milano - Viale Marche","2025-02-15T00:00:00.000","59.3","VA","1"
"10002","Milano - Viale Marche","2025-02-16T00:00:00.000","57.3","VA","1"
"10002","Milano - Viale Marche","2025-02-17T00:00:00.000","48.6","VA","1"
"10002","Milano - Viale Marche","2025-02-18T00:00:00.000","61.7","VA","1"
"10002","Milano - Viale Marche","2025-02-19T00:00:00.000","57.8","VA","1"
"10002","Milano - Viale Marche","2025-02-20T00:00:00.000","57.3","VA","1"
"10002","Milano - Viale Marche","2025-02-21T00:00:00.000","61.7","VA","1"
"10002","Milano - Viale Marche","2025-02-22T00:00:00.000","61.7","VA","1"
"10002","Milano - Viale Marche","2025-02-23T00:00:00.000","52.6","VA","1"
"10002","Milano - Viale Marche","2025-02-24T00:00:00.000","58.2","VA","1"
"10002","Milano - Viale Marche","2025-02-25T00:00:00.000","51.2","VA","1"
"10002","Milano - Viale Marche","2025-02-26T00:00:00.000","50.2","VA","1"
"10002","Milano - Viale Marche","2025-02-27T00:00:00.000","55.6","VA","1"
"10002","Milano - Viale Marche","2025-02-28T00:00:00.000","61.4","VA","1"
"10002","Milano - Viale Marche","2025-03-01T00:00:00.000","38.4","VA","1"
"10002","Milano - Viale Marche","2025-03-02T00:00:00.000","32.6","VA","1"
"10002","Milano - Viale Marche","2025-03-03T00:00:00.000","43.2","VA","1"
"10002","Milano - Viale Marche","2025-03-04T00:00:00.000","40.7","VA","1"
"10002","Milano - Viale Marche","2025-03-05T00:00:00.000","33.9","VA","1"
"10002","Milano - Viale Marche","2025-03-06T00:00:00.000","-9999","NA","1"
"10002","Milano - Viale Marche","2025-03-07T00:00:00.000","45.7","VA","1"
"10002","Milano - Viale Marche","2025-03-08T00:00:00.000","42.1","VA","1"
"10002","Milano - Viale Marche","2025-03-09T00:00:00.000","47.1","VA","1"
"10002","Milano - Viale Marche","2025-03-10T00:00:00.000","37.0","VA","1"
"10002","Milano - Viale Marche","2025-03-11T00:00:00.000","36.0","VA","1"
"10002","Milano - Viale Marche","2025-03-12T00:00:00.000","-9999","NA","1"
"10002","Milano - Viale Marche","2025-03-13T00:00:00.000","46.7","VA","1"
"10002","Milano - Viale Marche","2025-03-14T00:00:00.000","-9999","NA","1"
"10002","Milano - Viale Marche","2025-03-15T00:00:00.000","42.9","VA","1"
"10002","Milano - Viale Marche","2025-03-16T00:00:00.000","32.7","VA","1"
"10002","Milano - Viale Marche","2025-03-17T00:00:00.000","42.5","VA","1"
"10002","Milano - Viale Marche","2025-03-18T00:00:00.000","40.9","VA","1"
"10002","Milano - Viale Marche","2025-03-19T00:00:00.000","39.1","VA","1"
"10002","Milano - Viale Marche","2025-03-20T00:00:00.000","-9999","NA","1"
"10002","Milano - Viale Marche","2025-03-21T00:00:00.000","37.2","VA","1"
"10002","Milano - Viale Marche","2025-03-22T00:00:00.000","39.4","VA","1"
"10002","Milano - Viale Marche","2025-03-23T00:00:00.000","41.4","VA","1"
"10002","Milano - Viale Marche","2025-03-24T00:00:00.000","35.0","VA","1"
"10002","Milano - Viale Marche","2025-03-25T00:00:00.000","-9999","NA","1"
"10002","Milano - Viale Marche","2025-03-26T00:00:00.000","37.6","VA","1"
"10002","Milano - Viale Marche","2025-03-27T00:00:00.000","34.2","VA","1"
"10002","Milano - Viale Marche","2025-03-28T00:00:00.000","45.6","VA","1"
"10002","Milano - Viale Marche","2025-03-29T00:00:00.000","38.4","VA","1"
"10002","Milano - Viale Marche","2025-03-30T00:00:00.000","38.1","VA","1"
"10002","Milano - Viale Marche","2025-03-31T00:00:00.000","36.7","VA","1"
"10002","Milano - Viale Marche","2025-04-01T00:00:00.000","30.5","VA","1"
"10002","Milano - Viale Marche","2025-04-02T00:00:00.000","30.7","VA","1"
"10002","Milano - Viale Marche","2025-04-03T00:00:00.000","-9999","NA","1"
"10002","Milano - Viale Marche","2025-04-04T00:00:00.000","29.8","VA","1"
"10002","Milano - Viale Marche","2025-04-05T00:00:00.000","16.4","VA","1"
"10002","Milano - Viale Marche","2025-04-06T00:00:00.000","25.1","VA","1"
"10002","Milano - Viale Marche","2025-04-07T00:00:00.000","21.9","VA","1"
"10002","Milano - Viale Marche","2025-04-08T00:00:00.000","23.3","VA","1"
"10002","Milano - Viale Marche","2025-04-09T00:00:00.000","26.5","VA","1"
"10002","Milano - Viale Marche","2025-04-10T00:00:00.000","-9999","NA","1"
"10002","Milano - Viale Marche","2025-04-11T00:00:00.000","19.0","VA","1"
"10002","Milano - Viale Marche","2025-04-12T00:00:00.000","24.6","VA","1"
"10002","Milano - Viale Marche","2025-04-13T00:00:00.000","24.5","VA","1"
"10002","Milano - Viale Marche","2025-04-14T00:00:00.000","27.2","VA","1"
"10002","Milano - Viale Marche","2025-04-15T00:00:00.000","17.3","VA","1"
"10002","Milano - Viale Marche","2025-04-16T00:00:00.000","30.3","VA","1"
"10002","Milano - Viale Marche","2025-04-17T00:00:00.000","29.5","VA","1"
"10002","Milano - Viale Marche","2025-04-18T00:00:00.000","31.1","VA","1"
"10002","Milano - Viale Marche","2025-04-19T00:00:00.000","18.0","VA","1"
"10002","Milano - Viale Marche","2025-04-20T00:00:00.000","21.5","VA","1"
"10002","Milano - Viale Marche","2025-04-21T00:00:00.000","17.5","VA","1"
"10002","Milano - Viale Marche","2025-04-22T00:00:00.000","17.6","VA","1"
"10002","Milano - Viale Marche","2025-04-23T00:00:00.000","29.8","VA","1"
"10002","Milano - Viale Marche","2025-04-24T00:00:00.000","21.3","VA","1"
"10002","Milano - Viale Marche","2025-04-25T00:00:00.000","29.9","VA","1"
"10002","Milano - Viale Marche","2025-04-26T00:00:00.000","25.9","VA","1"
"10002","Milano - Viale Marche","2025-04-27T00:00:00.000","30.6","VA","1"
"10002","Milano - Viale Marche","2025-04-28T00:00:00.000","26.0","VA","1"
"10002","Milano - Viale Marche","2025-04-29T00:00:00.000","23.8","VA","1"
"10002","Milano - Viale Marche","2025-04-30T00:00:00.000","29.4","VA","1"
"10002","Milano - Viale Marche","2025-05-01T00:00:00.000","15.7","VA","1"
"10002","Milano - Viale Marche","2025-05-02T00:00:00.000","-9999","NA","1"
"10002","Milano - Viale Marche","2025-05-03T00:00:00.000","10.4","VA","1"
"10002","Milano - Viale Marche","2025-05-04T00:00:00.000","8.0","VA","1"
"10002","Milano - Viale Marche","2025-05-05T00:00:00.000","8.0","VA","1"
"10002","Milano - Viale Marche","2025-05-06T00:00:00.000","12.6","VA","1"
"10002","Milano - Viale Marche","2025-05-07T00:00:00.000","11.1","VA","1"
"10002","Milano - Viale Marche","2025-05-08T00:00:00.000","8.2","VA","1"
"10002","Milano - Viale Marche","2025-05-09T00:00:00.000","13.6","VA","1"
"10002","Milano - Viale Marche","2025-05-10T00:00:00.000","19.1","VA","1"
"10002","Milano - Viale Marche","2025-05-11T00:00:00.000","12.3","VA","1"
"10002","Milano - Viale Marche","2025-05-12T00:00:00.000","8.0","VA","1"
"10002","Milano - Viale Marche","2025-05-13T00:00:00.000","8.0","VA","1"
"10002","Milano - Viale Marche","2025-05-14T00:00:00.000","11.6","VA","1"
"10002","Milano - Viale Marche","2025-05-15T00:00:00.000","13.7","VA","1"
"10002","Milano - Viale Marche","2025-05-16T00:00:00.000","16.5","VA","1"
"10002","Milano - Viale Marche","2025-05-17T00:00:00.000","18.6","VA","1"
"10002","Milano - Viale Marche","2025-05-18T00:00:00.000","19.7","VA","1"
"10002","Milano - Viale Marche","2025-05-19T00:00:00.000","8.0","VA","1"
"10002","Milano - Viale Marche","2025-05-20T00:00:00.000","15.8","VA","1"
"10002","Milano - Viale Marche","2025-05-21T00:00:00.000","8.0","VA","1"
"10002","Milano - Viale Marche","2025-05-22T00:00:00.000","8.0","VA","1"
"10002","Milano - Viale Marche","2025-05-23T00:00:00.000","16.8","VA","1"
"10002","Milano - Viale Marche","2025-05-24T00:00:00.000","8.0","VA","1"
"10002","Milano - Viale Marche","2025-05-25T00:00:00.000","19.2","VA","1"
"10002","Milano - Viale Marche","2025-05-26T00:00:00.000","8.6","VA","1"
"10002","Milano - Viale Marche","2025-05-27T00:00:00.000","8.0"
"10002","Milano - Viale Marche","2025-05-28T00:00:00.000","9.7","VA","1"
"10002","Milano - Viale Marche","2025-05-29T00:00:00.000","13.3","VA","1"
"10002","Milano - Viale Marche","2025-05-30T00:00:00.000","8.0","VA","1"
"10002","Milano - Viale Marche","2025-05-31T00:00:00.000","8.0","VA","1"
"10002","Milano - Viale Marche","2025-06-01T00:00:00.000","8.0","VA","1"
"10002","Milano - Viale Marche","2025-06-02T00:00:00.000","13.0","VA","1"
"10002","Milano - Viale Marche","2025-06-03T00:00:00.000","10.4","VA","1"
"10002","Milano - Viale Marche","2025-06-04T00:00:00.000","8.0","VA","1"
"10002","Milano - Viale Marche","2025-06-05T00:00:00.000","9.6","VA","1"
"10002","Milano - Viale Marche","2025-06-06T00:00:00.000","9.0","VA","1"
"10002","Milano - Viale Marche","2025-06-07T00:00:00.000","8.0","VA","1"
"10002","Milano - Viale Marche","2025-06-08T00:00:00.000","13.5","VA","1"
"10002","Milano - Viale Marche","2025-06-09T00:00:00.000","8.0","VA","1"
"10002","Milano - Viale Marche","2025-06-10T00:00:00.000","-9999","NA","1"
"10002","Milano - Viale Marche","2025-06-11T00:00:00.000","8.0","VA","1"
"10002","Milano - Viale Marche","2025-06-12T00:00:00.000","12.5","VA","1"
"10002","Milano - Viale Marche","2025-06-13T00:00:00.000","8.0","VA","1"
"10002","Milano - Viale Marche","2025-06-14T00:00:00.000","13.6","VA","1"
"10002","Milano - Viale Marche","2025-06-15T00:00:00.000","8.0","VA","1"
"10002","Milano - Viale Marche","2025-06-16T00:00:00.000","8.0","VA","1"
"10002","Milano - Viale Marche","2025-06-17T00:00:00.000","8.0","VA","1"
"10002","Milano - Viale Marche","2025-06-18T00:00:00.000","8.2","VA","1"
"10002","Milano - Viale Marche","2025-06-19T00:00:00.000","10.5","VA","1"
"10002","Milano - Viale Marche","2025-06-20T00:00:00.000","-9999","NA","1"
"10002","Milano - Viale Marche","2025-06-21T00:00:00.000","8.0","VA","1"
"10002","Milano - Viale Marche","2025-06-22T00:00:00.000","9.1","VA","1"
"10002","Milano - Viale Marche","2025-06-23T00:00:00.000","11.6","VA","1"
"10002","Milano - Viale Marche","2025-06-24T00:00:00.000","8.5","VA","1"
"10002","Milano - Viale Marche","2025-06-25T00:00:00.000","8.0","VA","1"
"10002","Milano - Viale Marche","2025-06-26T00:00:00.000","8.0","VA","1"
"10002","Milano - Viale Marche","2025-06-27T00:00:00.000","9.4","VA","1"
"10002","Milano - Viale Marche","2025-06-28T00:00:00.000","12.9","VA","1"
"10002","Milano - Viale Marche","2025-06-29T00:00:00.000","11.3","VA","1"
"10002","Milano - Viale Marche","2025-06-30T00:00:00.000","14.0","VA","1"
"10002","Milano - Viale Marche","2025-07-01T00:00:00.000","15.9","VA","1"
"10002","Milano - Viale Marche","2025-07-02T00:00:00.000","13.3","VA","1"
"10002","Milano - Viale Marche","2025-07-03T00:00:00.000","8.0","VA","1"
"10002","Milano - Viale Marche","2025-07-04T00:00:00.000","17.9","VA","1"
"10002","Milano - Viale Marche","2025-07-05T00:00:00.000","15.7","VA","1"
"10002","Milano - Viale Marche","2025-07-06T00:00:00.000","10.6","VA","1"
"10002","Milano - Viale Marche","2025-07-07T00:00:00.000","15.3","VA","1"
"10002","Milano - Viale Marche","2025-07-08T00:00:00.000","10.3","VA","1"
"10002","Milano - Viale Marche","2025-07-09T00:00:00.000","18.2","VA","1"
"10002","Milano - Viale Marche","2025-07-10T00:00:00.000","15.7","VA","1"
"10002","Milano - Viale Marche","2025-07-11T00:00:00.000","10.3","VA","1"
"10002","Milano - Viale Marche","2025-07-12T00:00:00.000","8.2","VA","1"
"10002","Milano - Viale Marche","2025-07-13T00:00:00.000","15.1","VA","1"
"10002","Milano - Viale Marche","2025-07-14T00:00:00.000","13.3","VA","1"
"10002","Milano - Viale Marche","2025-07-15T00:00:00.000","16.6","VA","1"
"10002","Milano - Viale Marche","2025-07-16T00:00:00.000","8.0","VA","1"
"10002","Milano - Viale Marche","2025-07-17T00:00:00.000","12.8","VA","1"
"10002","Milano - Viale Marche","2025-07-18T00:00:00.000","8.0","VA","1"
"10002","Milano - Viale Marche","2025-07-19T00:00:00.000","19.1","VA","1"
"10002","Milano - Viale Marche","2025-07-20T00:00:00.000","8.0","VA","1"
"10002","Milano - Viale Marche","2025-07-21T00:00:00.000","18.4","VA","1"
"10002","Milano - Viale Marche","2025-07-22T00:00:00.000","8.0","VA","1"
"10002","Milano - Viale Marche","2025-07-23T00:00:00.000","8.7","VA","1"
"10002","Milano - Viale Marche","2025-07-24T00:00:00.000","13.6","VA","1"
"10002","Milano - Viale Marche","2025-07-25T00:00:00.000","8.0","VA","1"
"10002","Milano - Viale Marche","2025-07-26T00:00:00.000","15.3","VA","1"
"10002","Milano - Viale Marche","2025-07-27T00:00:00.000","8.0","VA","1"
"10002","Milano - Viale Marche","2025-07-28T00:00:00.000","11.8","VA","1"
"10002","Milano - Viale Marche","2025-07-29T00:00:00.000","17.5","VA","1"
"10002","Milano - Viale Marche","2025-07-30T00:00:00.000","19.8","VA","1"
"10002","Milano - Viale Marche","2025-07-31T00:00:00.000","8.0","VA","1"
"10002","Milano - Viale Marche","2025-08-01T00:00:00.000","22.6","VA","1"
"10002","Milano - Viale Marche","2025-08-02T00:00:00.000","21.1","VA","1"
"10002","Milano - Viale Marche","2025-08-03T00:00:00.000","23.9","VA","1"
"10002","Milano - Viale Marche","2025-08-04T00:00:00.000","27.9","VA","1"
"10002","Milano - Viale Marche","2025-08-05T00:00:00.000","30.7","VA","1"
"10002","Milano - Viale Marche","2025-08-06T00:00:00.000","31.4","VA","1"
"10002","Milano - Viale Marche","2025-08-07T00:00:00.000","16.5","VA","1"
"10002","Milano - Viale Marche","2025-08-08T00:00:00.000","19.8","VA","1"
"10002","Milano - Viale Marche","2025-08-09T00:00:00.000","26.6","VA","1"
"10002","Milano - Viale Marche","2025-08-10T00:00:00.000","21.8","VA","1"
"10002","Milano - Viale Marche","2025-08-11T00:00:00.000","23.9","VA","1"
"10002","Milano - Viale Marche","2025-08-12T00:00:00.000","22.0","VA","1"
"10002","Milano - Viale Marche","2025-08-13T00:00:00.000","30.5","VA","1"
"10002","Milano - Viale Marche","2025-08-14T00:00:00.000","27.4","VA","1"
"10002","Milano - Viale Marche","2025-08-15T00:00:00.000","-9999","NA","1"
"10002","Milano - Viale Marche","2025-08-16T00:00:00.000","17.3","VA","1"
"10002","Milano - Viale Marche","2025-08-17T00:00:00.000","16.6","VA","1"
"10002","Milano - Viale Marche","2025-08-18T00:00:00.000","16.5","VA","1"
"10002","Milano - Viale Marche","2025-08-19T00:00:00.000","-9999","NA","1"
"10002","Milano - Viale Marche","2025-08-20T00:00:00.000","26.0","VA","1"
"10002","Milano - Viale Marche","2025-08-21T00:00:00.000","30.4","VA","1"
"10002","Milano - Viale Marche","2025-08-22T00:00:00.000","27.4","VA","1"
"10002","Milano - Viale Marche","2025-08-23T00:00:00.000","21.4","VA","1"
"10002","Milano - Viale Marche","2025-08-24T00:00:00.000","28.6","VA","1"
"10002","Milano - Viale Marche","2025-08-25T00:00:00.000","20.1","VA","1"
"10002","Milano - Viale Marche","2025-08-26T00:00:00.000","20.5","VA","1"
"10002","Milano - Viale Marche","2025-08-27T00:00:00.000","24.0","VA","1"
"10002","Milano - Viale Marche","2025-08-28T00:00:00.000","25.4","VA","1"
"10002","Milano - Viale Marche","2025-08-29T00:00:00.000","30.1","VA","1"
"10002","Milano - Viale Marche","2025-08-30T00:00:00.000","31.3","VA","1"
"10002","Milano - Viale Marche","2025-08-31T00:00:00.000","30.0","VA","1"
"10002","Milano - Viale Marche","2025-09-01T00:00:00.000","38.1","VA","1"
"10002","Milano - Viale Marche","2025-09-02T00:00:00.000","43.5","VA","1"
"10002","Milano - Viale Marche","2025-09-03T00:00:00.000","47.0","VA","1"
"10002","Milano - Viale Marche","2025-09-04T00:00:00.000","40.9","VA","1"
"10002","Milano - Viale Marche","2025-09-05T00:00:00.000","35.4","VA","1"
"10002","Milano - Viale Marche","2025-09-06T00:00:00.000","34.3","VA","1"
"10002","Milano - Viale Marche","2025-09-07T00:00:00.000","35.0","VA","1"
"10002","Milano - Viale Marche","2025-09-08T00:00:00.000","39.3","VA","1"
"10002","Milano - Viale Marche","2025-09-09T00:00:00.000","46.8","VA","1"
"10002","Milano - Viale Marche","2025-09-10T00:00:00.000","41.9","VA","1"
"10002","Milano - Viale Marche","2025-09-11T00:00:00.000","46.7","VA","1"
"10002","Milano - Viale Marche","2025-09-12T00:00:00.000","45.6","VA","1"
"10002","Milano - Viale Marche","2025-09-13T00:00:00.000","36.7","VA","1"
"10002","Milano - Viale Marche","2025-09-14T00:00:00.000","44.6","VA","1"
"10002","Milano - Viale Marche","2025-09-15T00:00:00.000","42.9","VA","1"
"10002","Milano - Viale Marche","2025-09-16T00:00:00.000","37.5","VA","1"
"10002","Milano - Viale Marche","2025-09-17T00:00:00.000","37.1","VA","1"
"10002","Milano - Viale Marche","2025-09-18T00:00:00.000","38.3","VA","1"
"10002","Milano - Viale Marche","2025-09-19T00:00:00.000","40.0","VA","1"
"10002","Milano - Viale Marche","2025-09-20T00:00:00.000","45.2","VA","1"
"10002","Milano - Viale Marche","2025-09-21T00:00:00.000","36.3","VA","1"
"10002","Milano - Viale Marche","2025-09-22T00:00:00.000","32.6","VA","1"
"10002","Milano - Viale Marche","2025-09-23T00:00:00.000","43.0","VA","1"
"10002","Milano - Viale Marche","2025-09-24T00:00:00.000","35.9","VA","1"
"10002","Milano - Viale Marche","2025-09-25T00:00:00.000","34.8","VA","1"
"10002","Milano - Viale Marche","2025-09-26T00:00:00.000","34.8","VA","1"
"10002","Milano - Viale Marche","2025-09-27T00:00:00.000","42.8","VA","1"
"10002","Milano - Viale Marche","2025-09-28T00:00:00.000","37.0","VA","1"
"10002","Milano - Viale Marche","2025-09-29T00:00:00.000","41.4","VA","1"
"10002","Milano - Viale Marche","2025-09-30T00:00:00.000","39.9","VA","1"
"10002","Milano - Viale Marche","2025-10-01T00:00:00.000","55.5","VA","1"
"10002","Milano - Viale Marche","2025-10-02T00:00:00.000","50.7","VA","1"
"10002","Milano - Viale Marche","2025-10-03T00:00:00.000","60.8","VA","1"
"10002","Milano - Viale Marche","2025-10-04T00:00:00.000","52.4","VA","1"
"10002","Milano - Viale Marche","2025-10-05T00:00:00.000","60.8","VA","1"
"10002","Milano - Viale Marche","2025-10-06T00:00:00.000","61.5","VA","1"
"10002","Milano - Viale Marche","2025-10-07T00:00:00.000","56.2","VA","1"
"10002","Milano - Viale Marche","2025-10-08T00:00:00.000","56.8","VA","1"
"10002","Milano - Viale Marche","2025-10-09T00:00:00.000","51.2","VA","1"
"10002","Milano - Viale Marche","2025-10-10T00:00:00.000","60.0","VA","1"
"10002","Milano - Viale Marche","2025-10-11T00:00:00.000","54.0","VA","1"
"10002","Milano - Viale Marche","2025-10-12T00:00:00.000","51.2","VA","1"
"10002","Milano - Viale Marche","2025-10-13T00:00:00.000","48.5","VA","1"
"10002","Milano - Viale Marche","2025-10-14T00:00:00.000","-9999","NA","1"
"10002","Milano - Viale Marche","2025-10-15T00:00:00.000","52.0","VA","1"
"10002","Milano - Viale Marche","2025-10-16T00:00:00.000","59.6","VA","1"
"10002","Milano - Viale Marche","2025-10-17T00:00:00.000","54.4","VA","1"
"10002","Milano - Viale Marche","2025-10-18T00:00:00.000","49.0","VA","1"
"10002","Milano - Viale Marche","2025-10-19T00:00:00.000","51.2","VA","1"
"10002","Milano - Viale Marche","2025-10-20T00:00:00.000","48.8","VA","1"
"10002","Milano - Viale Marche","2025-10-21T00:00:00.000","55.9","VA","1"
"10002","Milano - Viale Marche","2025-10-22T00:00:00.000","54.1","VA","1"
"10002","Milano - Viale Marche","2025-10-23T00:00:00.000","58.5","VA","1"
"10002","Milano - Viale Marche","2025-10-24T00:00:00.000","55.0","VA","1"
"10002","Milano - Viale Marche","2025-10-25T00:00:00.000","48.4","VA","1"
"10002","Milano - Viale Marche","2025-10-26T00:00:00.000","53.3","VA","1"
"10002","Milano - Viale Marche","2025-10-27T00:00:00.000","55.6","VA","1"
"10002","Milano - Viale Marche","2025-10-28T00:00:00.000","61.5","VA","1"
"10002","Milano - Viale Marche","2025-10-29T00:00:00.000","-9999","NA","1"
"10002","Milano - Viale Marche","2025-10-30T00:00:00.000","61.2","VA","1"
"10002","Milano - Viale Marche","2025-10-31T00:00:00.000","49.3","VA","1"
"10002","Milano - Viale Marche","2025-11-01T00:00:00.000","72.0","VA","1"
"10002","Milano - Viale Marche","2025-11-02T00:00:00.000","62.7","VA","1"
"10002","Milano - Viale Marche","2025-11-03T00:00:00.000","64.8","VA","1"
"10002","Milano - Viale Marche","2025-11-04T00:00:00.000","72.0","VA","1"
"10002","Milano - Viale Marche","2025-11-05T00:00:00.000","61.0","VA","1"
"10002","Milano - Viale Marche","2025-11-06T00:00:00.000","64.6","VA","1"
"10002","Milano - Viale Marche","2025-11-07T00:00:00.000","62.1","VA","1"
"10002","Milano - Viale Marche","2025-11-08T00:00:00.000","72.0","VA","1"
"10002","Milano - Viale Marche","2025-11-09T00:00:00.000","72.0","VA","1"
"10002","Milano - Viale Marche","2025-11-10T00:00:00.000","69.6","VA","1"
"10002","Milano - Viale Marche","2025-11-11T00:00:00.000","70.1","VA","1"
"10002","Milano - Viale Marche","2025-11-12T00:00:00.000","63.7","VA","1"
"10002","Milano - Viale Marche","2025-11-13T00:00:00.000","68.3","VA","1"
"10002","Milano - Viale Marche","2025-11-14T00:00:00.000","65.1","VA","1"
"10002","Milano - Viale Marche","2025-11-15T00:00:00.000","69.1","VA","1"
"10002","Milano - Viale Marche","2025-11-16T00:00:00.000","72.0","VA","1"
"10002","Milano - Viale Marche","2025-11-17T00:00:00.000","71.9","VA","1"
"10002","Milano - Viale Marche","2025-11-18T00:00:00.000","-9999","NA","1"
"10002","Milano - Viale Marche","2025-11-19T00:00:00.000","72.0","VA","1"
"10002","Milano - Viale Marche","2025-11-20T00:00:00.000","65.7","VA","1"
"10002","Milano - Viale Marche","2025-11-21T00:00:00.000","65.0","VA","1"
"10002","Milano - Viale Marche","2025-11-22T00:00:00.000","72.0","VA","1"
"10002","Milano - Viale Marche","2025-11-23T00:00:00.000","60.2","VA","1"
"10002","Milano - Viale Marche","2025-11-24T00:00:00.000","61.6","VA","1"
"10002","Milano - Viale Marche","2025-11-25T00:00:00.000","72.0","VA","1"
"10002","Milano - Viale Marche","2025-11-26T00:00:00.000","62.2","VA","1"
"10002","Milano - Viale Marche","2025-11-27T00:00:00.000","67.2","VA","1"
"10002","Milano - Viale Marche","2025-11-28T00:00:00.000","64.7","VA","1"
"10002","Milano - Viale Marche","2025-11-29T00:00:00.000","69.7","VA","1"
"10002","Milano - Viale Marche","2025-11-30T00:00:00.000","60.6","VA","1"
"10002","Milano - Viale Marche","2025-12-01T00:00:00.000","71.0","VA","1"
"10002","Milano - Viale Marche","2025-12-02T00:00:00.000","-9999","NA","1"
"10002","Milano - Viale Marche","2025-12-03T00:00:00.000","-9999","NA","1"
"10002","Milano - Viale Marche","2025-12-04T00:00:00.000","69.9","VA","1"
"10002","Milano - Viale Marche","2025-12-05T00:00:00.000","72.0","VA","1"
"10002","Milano - Viale Marche","2025-12-06T00:00:00.000","65.0","VA","1"
"10002","Milano - Viale Marche","2025-12-07T00:00:00.000","72.0","VA","1"
"10002","Milano - Viale Marche","2025-12-08T00:00:00.000","67.2","VA","1"
"10002","Milano - Viale Marche","2025-12-09T00:00:00.000","72.0","VA","1"
"10002","Milano - Viale Marche","2025-12-10T00:00:00.000","72.0","VA","1"
"10002","Milano - Viale Marche","2025-12-11T00:00:00.000","72.0","VA","1"
"10002","Milano - Viale Marche","2025-12-12T00:00:00.000","69.1","VA","1"
"10002","Milano - Viale Marche","2025-12-13T00:00:00.000","72.0","VA","1"
"10002","Milano - Viale Marche","2025-12-14T00:00:00.000","72.0","VA","1"
"10002","Milano - Viale Marche","2025-12-15T00:00:00.000","72.0","VA","1"
"10002","Milano - Viale Marche","2025-12-16T00:00:00.000","72.0","VA","1"
"10002","Milano - Viale Marche","2025-12-17T00:00:00.000","-9999","NA","1"
"10002","Milano - Viale Marche","2025-12-18T00:00:00.000","72.0","VA","1"
"10002","Milano - Viale Marche","2025-12-19T00:00:00.000","69.7","VA","1"
"10002","Milano - Viale Marche","2025-12-20T00:00:00.000","72.0","VA","1"
"10002","Milano - Viale Marche","2025-12-21T00:00:00.000","72.0","VA","1"
"10002","Milano - Viale Marche","2025-12-22T00:00:00.000","72.0","VA","1"
"10002","Milano - Viale Marche","2025-12-23T00:00:00.000","72.0","VA","1"
"10002","Milano - Viale Marche","2025-12-24T00:00:00.000","72.0","VA","1"
"10002","Milano - Viale Marche","2025-12-25T00:00:00.000","66.5","VA","1"
"10002","Milano - Viale Marche","2025-12-26T00:00:00.000","64.4","VA","1"
"10002","Milano - Viale Marche","2025-12-27T00:00:00.000","72.0","VA","1"
"10002","Milano - Viale Marche","2025-12-28T00:00:00.000","68.9","VA","1"
"10002","Milano - Viale Marche","2025-12-29T00:00:00.000","-9999","NA","1"
"10002","Milano - Viale Marche","2025-12-30T00:00:00.000","-9999","NA","1"
"10002","Milano - Viale Marche","2025-12-31T00:00:00.000","66.0","VA","1"
"10003","Brescia – Villaggio Sereno","2025-01-01T00:00:00.000","95.0","VA","1"
"10003","Brescia – Villaggio Sereno","2025-01-02T00:00:00.000","95.0","VA","1"
"10003","Brescia – Villaggio Sereno","2025-01-03T00:00:00.000","95.0","VA","1"
"10003","Brescia – Villaggio Sereno","2025-01-04T00:00:00.000","95.0","VA","1"
"10003","Brescia – Villaggio Sereno","2025-01-05T00:00:00.000","95.0","VA","1"
"10003","Brescia – Villaggio Sereno","2025-01-06T00:00:00.000","95.0","VA","1"
"10003","Brescia – Villaggio Sereno","2025-01-07T00:00:00.000","95.0","VA","1"
"10003","Brescia – Villaggio Sereno","2025-01-08T00:00:00.000","95.0","VA","1"
"10003","Brescia – Villaggio Sereno","2025-01-09T00:00:00.000","86.9","VA","1"
"10003","Brescia – Villaggio Sereno","2025-01-10T00:00:00.000","95.0","VA","1"
"10003","Brescia – Villaggio Sereno","2025-01-11T00:00:00.000","95.0","VA","1"
"10003","Brescia – Villaggio Sereno","2025-01-12T00:00:00.000","95.0","VA","1"
"10003","Brescia – Villaggio Sereno","2025-01-13T00:00:00.000","95.0","VA","1"
"10003","Brescia – Villaggio Sereno","2025-01-14T00:00:00.000","95.0","VA","1"
"10003","Brescia – Villaggio Sereno","2025-01-15T00:00:00.000","95.0","VA","1"
"10003","Brescia – Villaggio Sereno","2025-01-16T00:00:00.000","95.0","VA","1"
"10003","Brescia – Villaggio Sereno","2025-01-17T00:00:00.000","86.4","VA","1"
"10003","Brescia – Villaggio Sereno","2025-01-18T00:00:00.000","95.0","VA","1"
"10003","Brescia – Villaggio Sereno","2025-01-19T00:00:00.000","95.0","VA","1"
"10003","Brescia – Villaggio Sereno","2025-01-20T00:00:00.000","95.0","VA","1"
"10003","Brescia – Villaggio Sereno","2025-01-21T00:00:00.000","94.2","VA","1"
"10003","Brescia – Villaggio Sereno","2025-01-22T00:00:00.000","95.0","VA","1"
"10003","Brescia – Villaggio Sereno","2025-01-23T00:00:00.000","95.0","VA","1"
"10003","Brescia – Villaggio Sereno","2025-01-24T00:00:00.000","95.0","VA","1"
"10003","Brescia – Villaggio Sereno","2025-01-25T00:00:00.000","92.4","VA","1"
"10003","Brescia – Villaggio Sereno","2025-01-26T00:00:00.000","85.2","VA","1"
"10003","Brescia – Villaggio Sereno","2025-01-27T00:00:00.000","86.8","VA","1"
"10003","Brescia – Villaggio Sereno","2025-01-28T00:00:00.000","95.0","VA","1"
"10003","Brescia – Villaggio Sereno","2025-01-29T00:00:00.000","95.0","VA","1"
"10003","Brescia – Villaggio Sereno","2025-01-30T00:00:00.000","95.0","VA","1"
"10003","Brescia – Villaggio Sereno","2025-01-31T00:00:00.000","91.4","VA","1"
"10003","Brescia – Villaggio Sereno","2025-02-01T00:00:00.000","85.0","VA","1"
"10003","Brescia – Villaggio Sereno","2025-02-02T00:00:00.000","95.0","VA","1"
"10003","Brescia – Villaggio Sereno","2025-02-03T00:00:00.000","94.4","VA","1"
"10003","Brescia – Villaggio Sereno","2025-02-04T00:00:00.000","93.6","VA","1"
"10003","Brescia – Villaggio Sereno","2025-02-05T00:00:00.000","86.4","VA","1"
"10003","Brescia – Villaggio Sereno","2025-02-06T00:00:00.000","-9999","NA","1"
"10003","Brescia – Villaggio Sereno","2025-02-07T00:00:00.000","88.2","VA","1"
"10003","Brescia – Villaggio Sereno","2025-02-08T00:00:00.000","95.0","VA","1"
"10003","Brescia – Villaggio Sereno","2025-02-09T00:00:00.000","-9999","NA","1"
"10003","Brescia – Villaggio Sereno","2025-02-10T00:00:00.000","88.2","VA","1"
"10003","Brescia – Villaggio Sereno","2025-02-11T00:00:00.000","95.0","VA","1"
"10003","Brescia – Villaggio Sereno","2025-02-12T00:00:00.000","82.5","VA","1"
"10003","Brescia – Villaggio Sereno","2025-02-13T00:00:00.000","83.6","VA","1"
"10003","Brescia – Villaggio Sereno","2025-02-14T00:00:00.000","84.8","VA","1"
"10003","Brescia – Villaggio Sereno","2025-02-15T00:00:00.000","94.6","VA","1"
"10003","Brescia – Villaggio Sereno","2025-02-16T00:00:00.000","87.3","VA","1"
"10003","Brescia – Villaggio Sereno","2025-02-17T00:00:00.000","82.2","VA","1"
"10003","Brescia – Villaggio Sereno","2025-02-18T00:00:00.000","81.1","VA","1"
"10003","Brescia – Villaggio Sereno","2025-02-19T00:00:00.000","95.0","VA","1"
"10003","Brescia – Villaggio Sereno","2025-02-20T00:00:00.000","90.0","VA","1"
"10003","Brescia – Villaggio Sereno","2025-02-21T00:00:00.000","95.0","VA","1"
"10003","Brescia – Villaggio Sereno","2025-02-22T00:00:00.000","95.0","VA","1"
"10003","Brescia – Villaggio Sereno","2025-02-23T00:00:00.000","79.5","VA","1"
"10003","Brescia – Villaggio Sereno","2025-02-24T00:00:00.000","83.6","VA","1"
"10003","Brescia – Villaggio Sereno","2025-02-25T00:00:00.000","95.0","VA","1"
"10003","Brescia – Villaggio Sereno","2025-02-26T00:00:00.000","84.6","VA","1"
"10003","Brescia – Villaggio Sereno","2025-02-27T00:00:00.000","95.0","VA","1"
"10003","Brescia – Villaggio Sereno","2025-02-28T00:00:00.000","95.0","VA","1"
"10003","Brescia – Villaggio Sereno","2025-03-01T00:00:00.000","65.4","VA","1"
"10003","Brescia – Villaggio Sereno","2025-03-02T00:00:00.000","79.2","VA","1"
"10003","Brescia – Villaggio Sereno","2025-03-03T00:00:00.000","83.8","VA","1"
"10003","Brescia – Villaggio Sereno","2025-03-04T00:00:00.000","69.4","VA","1"
"10003","Brescia – Villaggio Sereno","2025-03-05T00:00:00.000","70.4","VA","1"
"10003","Brescia – Villaggio Sereno","2025-03-06T00:00:00.000","80.1","VA","1"
"10003","Brescia – Villaggio Sereno","2025-03-07T00:00:00.000","83.4","VA","1"
"10003","Brescia – Villaggio Sereno","2025-03-08T00:00:00.000","76.8","VA","1"
"10003","Brescia – Villaggio Sereno","2025-03-09T00:00:00.000","75.0","VA","1"
"10003","Brescia – Villaggio Sereno","2025-03-10T00:00:00.000","65.8","VA","1"
"10003","Brescia – Villaggio Sereno","2025-03-11T00:00:00.000","73.7","VA","1"
"10003","Brescia – Villaggio Sereno","2025-03-12T00:00:00.000","71.9","VA","1"
"10003","Brescia – Villaggio Sereno","2025-03-13T00:00:00.000","75.2","VA","1"
"10003","Brescia – Villaggio Sereno","2025-03-14T00:00:00.000","75.4","VA","1"
"10003","Brescia – Villaggio Sereno","2025-03-15T00:00:00.000","81.3","VA","1"
"10003","Brescia – Villaggio Sereno","2025-03-16T00:00:00.000","69.1","VA","1"
"10003","Brescia – Villaggio Sereno","2025-03-17T00:00:00.000","75.4","VA","1"
"10003","Brescia – Villaggio Sereno","2025-03-18T00:00:00.000","76.6","VA","1"
"10003","Brescia – Villaggio Sereno","2025-03-19T00:00:00.000","65.7","VA","1"
"10003","Brescia – Villaggio Sereno","2025-03-20T00:00:00.000","71.4","VA","1"
"10003","Brescia – Villaggio Sereno","2025-03-21T00:00:00.000","64.8","VA","1"
"10003","Brescia – Villaggio Sereno","2025-03-22T00:00:00.000","70.9","VA","1"
"10003","Brescia – Villaggio Sereno","2025-03-23T00:00:00.000","64.5","VA","1"
"10003","Brescia – Villaggio Sereno","2025-03-24T00:00:00.000","76.5","VA","1"
"10003","Brescia – Villaggio Sereno","2025-03-25T00:00:00.000","80.1","VA","1"
"10003","Brescia – Villaggio Sereno","2025-03-26T00:00:00.000","73.0","VA","1"
"10003","Brescia – Villaggio Sereno","2025-03-27T00:00:00.000","75.3","VA","1"
"10003","Brescia – Villaggio Sereno","2025-03-28T00:00:00.000","71.0","VA","1"
"10003","Brescia – Villaggio Sereno","2025-03-29T00:00:00.000","68.2","VA","1"
"10003","Brescia – Villaggio Sereno","2025-03-30T00:00:00.000","76.8","VA","1"
"10003","Brescia – Villaggio Sereno","2025-03-31T00:00:00.000","67.1","VA","1"
"10003","Brescia – Villaggio Sereno","2025-04-01T00:00:00.000","52.6","VA","1"
"10003","Brescia – Villaggio Sereno","2025-04-02T00:00:00.000","44.7","VA","1"
"10003","Brescia – Villaggio Sereno","2025-04-03T00:00:00.000","57.2","VA","1"
"10003","Brescia – Villaggio Sereno","2025-04-04T00:00:00.000","57.4","VA","1"
"10003","Brescia – Villaggio Sereno","2025-04-05T00:00:00.000","46.8","VA","1"
"10003","Brescia – Villaggio Sereno","2025-04-06T00:00:00.000","52.3","VA","1"
"10003","Brescia – Villaggio Sereno","2025-04-07T00:00:00.000","51.3","VA","1"
"10003","Brescia – Villaggio Sereno","2025-04-08T00:00:00.000","55.1","VA","1"
"10003","Brescia – Villaggio Sereno","2025-04-09T00:00:00.000","59.5","VA","1"
"10003","Brescia – Villaggio Sereno","2025-04-10T00:00:00.000","58.4","VA","1"
"10003","Brescia – Villaggio Sereno","2025-04-11T00:00:00.000","52.6","VA","1"
"10003","Brescia – Villaggio Sereno","2025-04-12T00:00:00.000","49.2","VA","1"
"10003","Brescia – Villaggio Sereno","2025-04-13T00:00:00.000","56.9","VA","1"
"10003","Brescia – Villaggio Sereno","2025-04-14T00:00:00.000","56.6","VA","1"
"10003","Brescia – Villaggio Sereno","2025-04-15T00:00:00.000","49.6","VA","1"
"10003","Brescia – Villaggio Sereno","2025-04-16T00:00:00.000","58.1","VA","1"
"10003","Brescia – Villaggio Sereno","2025-04-17T00:00:00.000","50.5","VA","1"
"10003","Brescia – Villaggio Sereno","2025-04-18T00:00:00.000","59.3","VA","1"
"10003","Brescia – Villaggio Sereno","2025-04-19T00:00:00.000","47.2","VA","1"
"10003","Brescia – Villaggio Sereno","2025-04-20T00:00:00.000","52.0","VA","1"
"10003","Brescia – Villaggio Sereno","2025-04-21T00:00:00.000","43.6","VA","1"
"10003","Brescia – Villaggio Sereno","2025-04-22T00:00:00.000","45.1","VA","1"
"10003","Brescia – Villaggio Sereno","2025-04-23T00:00:00.000","61.7","VA","1"
"10003","Brescia – Villaggio Sereno","2025-04-24T00:00:00.000","57.6","VA","1"
"10003","Brescia – Villaggio Sereno","2025-04-25T00:00:00.000","48.9","VA","1"
"10003","Brescia – Villaggio Sereno","2025-04-26T00:00:00.000","54.6","VA","1"
"10003","Brescia – Villaggio Sereno","2025-04-27T00:00:00.000","47.0","VA","1"
"10003","Brescia – Villaggio Sereno","2025-04-28T00:00:00.000","54.6","VA","1"
"10003","Brescia – Villaggio Sereno","2025-04-29T00:00:00.000","61.5","VA","1"
"10003","Brescia – Villaggio Sereno","2025-04-30T00:00:00.000","53.3","VA","1"
"10003","Brescia – Villaggio Sereno","2025-05-01T00:00:00.000","39.4","VA","1"
"10003","Brescia – Villaggio Sereno","2025-05-02T00:00:00.000","41.7","VA","1"
"10003","Brescia – Villaggio Sereno","2025-05-03T00:00:00.000","31.7","VA","1"
"10003","Brescia – Villaggio Sereno","2025-05-04T00:00:00.000","32.4","VA","1"
"10003","Brescia – Villaggio Sereno","2025-05-05T00:00:00.000","37.2","VA","1"
"10003","Brescia – Villaggio Sereno","2025-05-06T00:00:00.000","39.2","VA","1"
"10003","Brescia – Villaggio Sereno","2025-05-07T00:00:00.000","39.4","VA","1"
"10003","Brescia – Villaggio Sereno","2025-05-08T00:00:00.000","25.8","VA","1"
"10003","Brescia – Villaggio Sereno","2025-05-09T00:00:00.000","28.8","VA","1"
"10003","Brescia – Villaggio Sereno","2025-05-10T00:00:00.000","-9999","NA","1"
"10003","Brescia – Villaggio Sereno","2025-05-11T00:00:00.000","30.9","VA","1"
"10003","Brescia – Villaggio Sereno","2025-05-12T00:00:00.000","31.4","VA","1"
"10003","Brescia – Villaggio Sereno","2025-05-13T00:00:00.000","39.2","VA","1"
"10003","Brescia – Villaggio Sereno","2025-05-14T00:00:00.000","26.0","VA","1"
"10003","Brescia – Villaggio Sereno","2025-05-15T00:00:00.000","26.9","VA","1"
"10003","Brescia – Villaggio Sereno","2025-05-16T00:00:00.000","-9999","NA","1"
"10003","Brescia – Villaggio Sereno","2025-05-17T00:00:00.000","36.2","VA","1"
"10003","Brescia – Villaggio Sereno","2025-05-18T00:00:00.000","34.3","VA","1"
"10003","Brescia – Villaggio Sereno","2025-05-19T00:00:00.000","28.7","VA","1"
"10003","Brescia – Villaggio Sereno","2025-05-20T00:00:00.000","32.3","VA","1"
"10003","Brescia – Villaggio Sereno","2025-05-21T00:00:00.000","38.7","VA","1"
"10003","Brescia – Villaggio Sereno","2025-05-22T00:00:00.000","39.3","VA","1"
"10003","Brescia – Villaggio Sereno","2025-05-23T00:00:00.000","22.8","VA","1"
"10003","Brescia – Villaggio Sereno","2025-05-24T00:00:00.000","42.4","VA","1"
"10003","Brescia – Villaggio Sereno","2025-05-25T00:00:00.000","38.6","VA","1"
"10003","Brescia – Villaggio Sereno","2025-05-26T00:00:00.000","32.6","VA","1"
"10003","Brescia – Villaggio Sereno","2025-05-27T00:00:00.000","33.1","VA","1"
"10003","Brescia – Villaggio Sereno","2025-05-28T00:00:00.000","41.9","VA","1"
"10003","Brescia – Villaggio Sereno","2025-05-29T00:00:00.000","38.3","VA","1"
"10003","Brescia – Villaggio Sereno","2025-05-30T00:00:00.000","27.4","VA","1"
"10003","Brescia – Villaggio Sereno","2025-05-31T00:00:00.000","37.0","VA","1"
"10003","Brescia – Villaggio Sereno","2025-06-01T00:00:00.000","27.3","VA","1"
"10003","Brescia – Villaggio Sereno","2025-06-02T00:00:00.000","12.2","VA","1"
"10003","Brescia – Villaggio Sereno","2025-06-03T00:00:00.000","14.9","VA","1"
"10003","Brescia – Villaggio Sereno","2025-06-04T00:00:00.000","18.7","VA","1"
"10003","Brescia – Villaggio Sereno","2025-06-05T00:00:00.000","22.7","VA","1"
"10003","Brescia – Villaggio Sereno","2025-06-06T00:00:00.000","12.0","VA","1"
"10003","Brescia – Villaggio Sereno","2025-06-07T00:00:00.000","20.5","VA","1"
"10003","Brescia – Villaggio Sereno","2025-06-08T00:00:00.000","22.6","VA","1"
"10003","Brescia – Villaggio Sereno","2025-06-09T00:00:00.000","12.0","VA","1"
"10003","Brescia – Villaggio Sereno","2025-06-10T00:00:00.000","-9999","NA","1"
"10003","Brescia – Villaggio Sereno","2025-06-11T00:00:00.000","18.1","VA","1"
"10003","Brescia – Villaggio Sereno","2025-06-12T00:00:00.000","12.0","VA","1"
"10003","Brescia – Villaggio Sereno","2025-06-13T00:00:00.000","21.4","VA","1"
"10003","Brescia – Villaggio Sereno","2025-06-14T00:00:00.000","12.0","VA","1"
"10003","Brescia – Villaggio Sereno","2025-06-15T00:00:00.000","15.4","VA","1"
"10003","Brescia – Villaggio Sereno","2025-06-16T00:00:00.000","21.1","VA","1"
"10003","Brescia – Villaggio Sereno","2025-06-17T00:00:00.000","19.3","VA","1"
"10003","Brescia – Villaggio Sereno","2025-06-18T00:00:00.000","25.7","VA","1"
"10003","Brescia – Villaggio Sereno","2025-06-19T00:00:00.000","17.6","VA","1"
"10003","Brescia – Villaggio Sereno","2025-06-20T00:00:00.000","19.4","VA","1"
"10003","Brescia – Villaggio Sereno","2025-06-21T00:00:00.000","12.0","VA","1"
"10003","Brescia – Villaggio Sereno","2025-06-22T00:00:00.000","17.5","VA","1"
"10003","Brescia – Villaggio Sereno","2025-06-23T00:00:00.000","17.4","VA","1"
"10003","Brescia – Villaggio Sereno","2025-06-24T00:00:00.000","25.5","VA","1"
"10003","Brescia – Villaggio Sereno","2025-06-25T00:00:00.000","12.0","VA","1"
"10003","Brescia – Villaggio Sereno","2025-06-26T00:00:00.000","12.0","VA","1"
"10003","Brescia – Villaggio Sereno","2025-06-27T00:00:00.000","12.7","VA","1"
"10003","Brescia – Villaggio Sereno","2025-06-28T00:00:00.000","12.0","VA","1"
"10003","Brescia – Villaggio Sereno","2025-06-29T00:00:00.000","13.9","VA","1"
"10003","Brescia – Villaggio Sereno","2025-06-30T00:00:00.000","13.2","VA","1"
"10003","Brescia – Villaggio Sereno","2025-07-01T00:00:00.000","12.0","VA","1"
"10003","Brescia – Villaggio Sereno","2025-07-02T00:00:00.000","19.7","VA","1"
"10003","Brescia – Villaggio Sereno","2025-07-03T00:00:00.000","12.0","VA","1"
"10003","Brescia – Villaggio Sereno","2025-07-04T00:00:00.000","16.5","VA","1"
"10003","Brescia – Villaggio Sereno","2025-07-05T00:00:00.000","13.9","VA","1"
"10003","Brescia – Villaggio Sereno","2025-07-06T00:00:00.000","17.0","VA","1"
"10003","Brescia – Villaggio Sereno","2025-07-07T00:00:00.000","12.8","VA","1"
"10003","Brescia – Villaggio Sereno","2025-07-08T00:00:00.000","12.0","VA","1"
"10003","Brescia – Villaggio Sereno","2025-07-09T00:00:00.000","19.2","VA","1"
"10003","Brescia – Villaggio Sereno","2025-07-10T00:00:00.000","13.0","VA","1"
"10003","Brescia – Villaggio Sereno","2025-07-11T00:00:00.000","12.0","VA","1"
"10003","Brescia – Villaggio Sereno","2025-07-12T00:00:00.000","14.8","VA","1"
"10003","Brescia – Villaggio Sereno","2025-07-13T00:00:00.000","12.0","VA","1"
"10003","Brescia – Villaggio Sereno","2025-07-14T00:00:00.000","12.0","VA","1"
"10003","Brescia – Villaggio Sereno","2025-07-15T00:00:00.000","12.0","VA","1"
"10003","Brescia – Villaggio Sereno","2025-07-16T00:00:00.000","12.0","VA","1"
"10003","Brescia – Villaggio Sereno","2025-07-17T00:00:00.000","14.8","VA","1"
"10003","Brescia – Villaggio Sereno","2025-07-18T00:00:00.000","21.6","VA","1"
"10003","Brescia – Villaggio Sereno","2025-07-19T00:00:00.000","17.3","VA","1"
"10003","Brescia – Villaggio Sereno","2025-07-20T00:00:00.000","12.0","VA","1"
"10003","Brescia – Villaggio Sereno","2025-07-21T00:00:00.000","12.1","VA","1"
"10003","Brescia – Villaggio Sereno","2025-07-22T00:00:00.000","12.0","VA","1"
"10003","Brescia – Villaggio Sereno","2025-07-23T00:00:00.000","17.3","VA","1"
"10003","Brescia – Villaggio Sereno","2025-07-24T00:00:00.000","12.0","VA","1"
"10003","Brescia – Villaggio Sereno","2025-07-25T00:00:00.000","12.0","VA","1"
"10003","Brescia – Villaggio Sereno","2025-07-26T00:00:00.000","-9999","NA","1"
"10003","Brescia – Villaggio Sereno","2025-07-27T00:00:00.000","12.0","VA","1"
"10003","Brescia – Villaggio Sereno","2025-07-28T00:00:00.000","17.2","VA","1"
"10003","Brescia – Villaggio Sereno","2025-07-29T00:00:00.000","19.0","VA","1"
"10003","Brescia – Villaggio Sereno","2025-07-30T00:00:00.000","20.5","VA","1"
"10003","Brescia – Villaggio Sereno","2025-07-31T00:00:00.000","12.0","VA","1"
"10003","Brescia – Villaggio Sereno","2025-08-01T00:00:00.000","12.1","VA","1"
"10003","Brescia – Villaggio Sereno","2025-08-02T00:00:00.000","20.6","VA","1"
"10003","Brescia – Villaggio Sereno","2025-08-03T00:00:00.000","12.0","VA","1"
"10003","Brescia – Villaggio Sereno","2025-08-04T00:00:00.000","27.4","VA","1"
"10003","Brescia – Villaggio Sereno","2025-08-05T00:00:00.000","12.0","VA","1"
"10003","Brescia – Villaggio Sereno","2025-08-06T00:00:00.000","12.9","VA","1"
"10003","Brescia – Villaggio Sereno","2025-08-07T00:00:00.000","22.3","VA","1"
"10003","Brescia – Villaggio Sereno","2025-08-08T00:00:00.000","12.0","VA","1"
"10003","Brescia – Villaggio Sereno","2025-08-09T00:00:00.000","15.6","VA","1"
"10003","Brescia – Villaggio Sereno","2025-08-10T00:00:00.000","-9999","NA","1"
"10003","Brescia – Villaggio Sereno","2025-08-11T00:00:00.000","12.0","VA","1"
"10003","Brescia – Villaggio Sereno","2025-08-12T00:00:00.000","14.2","VA","1"
"10003","Brescia – Villaggio Sereno","2025-08-13T00:00:00.000","12.0","VA","1"
"10003","Brescia – Villaggio Sereno","2025-08-14T00:00:00.000","-9999","NA","1"
"10003","Brescia – Villaggio Sereno","2025-08-15T00:00:00.000","25.6","VA","1"
"10003","Brescia – Villaggio Sereno","2025-08-16T00:00:00.000","19.6","VA","1"
"10003","Brescia – Villaggio Sereno","2025-08-17T00:00:00.000","12.0","VA","1"
"10003","Brescia – Villaggio Sereno","2025-08-18T00:00:00.000","20.8","VA","1"
"10003","Brescia – Villaggio Sereno","2025-08-19T00:00:00.000","25.1","VA","1"
"10003","Brescia – Villaggio Sereno","2025-08-20T00:00:00.000","24.2","VA","1"
"10003","Brescia – Villaggio Sereno","2025-08-21T00:00:00.000","22.8","VA","1"
"10003","Brescia – Villaggio Sereno","2025-08-22T00:00:00.000","12.0","VA","1"
"10003","Brescia – Villaggio Sereno","2025-08-23T00:00:00.000","12.0","VA","1"
"10003","Brescia – Villaggio Sereno","2025-08-24T00:00:00.000","18.1","VA","1"
"10003","Brescia – Villaggio Sereno","2025-08-25T00:00:00.000","12.0","VA","1"
"10003","Brescia – Villaggio Sereno","2025-08-26T00:00:00.000","25.7","VA","1"
"10003","Brescia – Villaggio Sereno","2025-08-27T00:00:00.000","15.7","VA","1"
"10003","Brescia – Villaggio Sereno","2025-08-28T00:00:00.000","14.7","VA","1"
"10003","Brescia – Villaggio Sereno","2025-08-29T00:00:00.000","12.0","VA","1"
"10003","Brescia – Villaggio Sereno","2025-08-30T00:00:00.000","26.9","VA","1"
"10003","Brescia – Villaggio Sereno","2025-08-31T00:00:00.000","12.0","VA","1"
"10003","Brescia – Villaggio Sereno","2025-09-01T00:00:00.000","39.3","VA","1"
"10003","Brescia – Villaggio Sereno","2025-09-02T00:00:00.000","30.8","VA","1"
"10003","Brescia – Villaggio Sereno","2025-09-03T00:00:00.000","35.7","VA","1"
"10003","Brescia – Villaggio Sereno","2025-09-04T00:00:00.000","35.2","VA","1"
"10003","Brescia – Villaggio Sereno","2025-09-05T00:00:00.000","27.2","VA","1"
"10003","Brescia – Villaggio Sereno","2025-09-06T00:00:00.000","36.3","VA","1"
"10003","Brescia – Villaggio Sereno","2025-09-07T00:00:00.000","40.8","VA","1"
"10003","Brescia – Villaggio Sereno","2025-09-08T00:00:00.000","31.8","VA","1"
"10003","Brescia – Villaggio Sereno","2025-09-09T00:00:00.000","41.6","VA","1"
"10003","Brescia – Villaggio Sereno","2025-09-10T00:00:00.000","30.2","VA","1"
"10003","Brescia – Villaggio Sereno","2025-09-11T00:00:00.000","35.6","VA","1"
"10003","Brescia – Villaggio Sereno","2025-09-12T00:00:00.000","29.1","VA","1"
"10003","Brescia – Villaggio Sereno","2025-09-13T00:00:00.000","39.0","VA","1"
"10003","Brescia – Villaggio Sereno","2025-09-14T00:00:00.000","27.1","VA","1"
"10003","Brescia – Villaggio Sereno","2025-09-15T00:00:00.000","33.9","VA","1"
"10003","Brescia – Villaggio Sereno","2025-09-16T00:00:00.000","35.1","VA","1"
"10003","Brescia – Villaggio Sereno","2025-09-17T00:00:00.000","23.0","VA","1"
"10003","Brescia – Villaggio Sereno","2025-09-18T00:00:00.000","26.1","VA","1"
"10003","Brescia – Villaggio Sereno","2025-09-19T00:00:00.000","38.4","VA","1"
"10003","Brescia – Villaggio Sereno","2025-09-20T00:00:00.000","28.2","VA","1"
"10003","Brescia – Villaggio Sereno","2025-09-21T00:00:00.000","36.1","VA","1"
"10003","Brescia – Villaggio Sereno","2025-09-22T00:00:00.000","35.2","VA","1"
"10003","Brescia – Villaggio Sereno","2025-09-23T00:00:00.000","30.6","VA","1"
"10003","Brescia – Villaggio Sereno","2025-09-24T00:00:00.000","33.6","VA","1"
"10003","Brescia – Villaggio Sereno","2025-09-25T00:00:00.000","42.6","VA","1"
"10003","Brescia – Villaggio Sereno","2025-09-26T00:00:00.000","35.2","VA","1"
"10003","Brescia – Villaggio Sereno","2025-09-27T00:00:00.000","24.1","VA","1"
"10003","Brescia – Villaggio Sereno","2025-09-28T00:00:00.000","31.4","VA","1"
"10003","Brescia – Villaggio Sereno","2025-09-29T00:00:00.000","25.7","VA","1"
"10003","Brescia – Villaggio Sereno","2025-09-30T00:00:00.000","-9999","NA","1"
"10003","Brescia – Villaggio Sereno","2025-10-01T00:00:00.000","52.3","VA","1"
"10003","Brescia – Villaggio Sereno","2025-10-02T00:00:00.000","44.8","VA","1"
"10003","Brescia – Villaggio Sereno","2025-10-03T00:00:00.000","61.3","VA","1"
"10003","Brescia – Villaggio Sereno","2025-10-04T00:00:00.000","60.7","VA","1"
"10003","Brescia – Villaggio Sereno","2025-10-05T00:00:00.000","53.3","VA","1"
"10003","Brescia – Villaggio Sereno","2025-10-06T00:00:00.000","46.2","VA","1"
"10003","Brescia – Villaggio Sereno","2025-10-07T00:00:00.000","58.6","VA","1"
"10003","Brescia – Villaggio Sereno","2025-10-08T00:00:00.000","50.6","VA","1"
"10003","Brescia – Villaggio Sereno","2025-10-09T00:00:00.000","47.8","VA","1"
"10003","Brescia – Villaggio Sereno","2025-10-10T00:00:00.000","63.4","VA","1"
"10003","Brescia – Villaggio Sereno","2025-10-11T00:00:00.000","50.8","VA","1"
"10003","Brescia – Villaggio Sereno","2025-10-12T00:00:00.000","60.0","VA","1"
"10003","Brescia – Villaggio Sereno","2025-10-13T00:00:00.000","44.7","VA","1"
"10003","Brescia – Villaggio Sereno","2025-10-14T00:00:00.000","-9999","NA","1"
"10003","Brescia – Villaggio Sereno","2025-10-15T00:00:00.000","60.2","VA","1"
"10003","Brescia – Villaggio Sereno","2025-10-16T00:00:00.000","48.7","VA","1"
"10003","Brescia – Villaggio Sereno","2025-10-17T00:00:00.000","60.2","VA","1"
"10003","Brescia – Villaggio Sereno","2025-10-18T00:00:00.000","51.9","VA","1"
"10003","Brescia – Villaggio Sereno","2025-10-19T00:00:00.000","50.7","VA","1"
"10003","Brescia – Villaggio Sereno","2025-10-20T00:00:00.000","60.3","VA","1"
"10003","Brescia – Villaggio Sereno","2025-10-21T00:00:00.000","59.4","VA","1"
"10003","Brescia – Villaggio Sereno","2025-10-22T00:00:00.000","51.2","VA","1"
"10003","Brescia – Villaggio Sereno","2025-10-23T00:00:00.000","52.2","VA","1"
"10003","Brescia – Villaggio Sereno","2025-10-24T00:00:00.000","59.3","VA","1"
"10003","Brescia – Villaggio Sereno","2025-10-25T00:00:00.000","50.5","VA","1"
"10003","Brescia – Villaggio Sereno","2025-10-26T00:00:00.000","53.8","VA","1"
"10003","Brescia – Villaggio Sereno","2025-10-27T00:00:00.000","62.3","VA","1"
"10003","Brescia – Villaggio Sereno","2025-10-28T00:00:00.000","-9999","NA","1"
"10003","Brescia – Villaggio Sereno","2025-10-29T00:00:00.000","53.2","VA","1"
"10003","Brescia – Villaggio Sereno","2025-10-30T00:00:00.000","-9999","NA","1"
"10003","Brescia – Villaggio Sereno","2025-10-31T00:00:00.000","49.3","VA","1"
"10003","Brescia – Villaggio Sereno","2025-11-01T00:00:00.000","75.7","VA","1"
"10003","Brescia – Villaggio Sereno","2025-11-02T00:00:00.000","82.4","VA","1"
"10003","Brescia – Villaggio Sereno","2025-11-03T00:00:00.000","78.7","VA","1"
"10003","Brescia – Villaggio Sereno","2025-11-04T00:00:00.000","71.2","VA","1"
"10003","Brescia – Villaggio Sereno","2025-11-05T00:00:00.000","79.0","VA","1"
"10003","Brescia – Villaggio Sereno","2025-11-06T00:00:00.000","68.5","VA","1"
"10003","Brescia – Villaggio Sereno","2025-11-07T00:00:00.000","68.0","VA","1"
"10003","Brescia – Villaggio Sereno","2025-11-08T00:00:00.000","65.5","VA","1"
"10003","Brescia – Villaggio Sereno","2025-11-09T00:00:00.000","81.2"
"10003","Brescia – Villaggio Sereno","2025-11-10T00:00:00.000","84.0","VA","1"
"10003","Brescia – Villaggio Sereno","2025-11-11T00:00:00.000","79.4","VA","1"
"10003","Brescia – Villaggio Sereno","2025-11-12T00:00:00.000","82.9","VA","1"
"10003","Brescia – Villaggio Sereno","2025-11-13T00:00:00.000","82.8","VA","1"
"10003","Brescia – Villaggio Sereno","2025-11-14T00:00:00.000","76.1","VA","1"
"10003","Brescia – Villaggio Sereno","2025-11-15T00:00:00.000","76.1","VA","1"
"10003","Brescia – Villaggio Sereno","2025-11-16T00:00:00.000","-9999","NA","1"
"10003","Brescia – Villaggio Sereno","2025-11-17T00:00:00.000","77.1","VA","1"
"10003","Brescia – Villaggio Sereno","2025-11-18T00:00:00.000","-9999","NA","1"
"10003","Brescia – Villaggio Sereno","2025-11-19T00:00:00.000","75.7","VA","1"
"10003","Brescia – Villaggio Sereno","2025-11-20T00:00:00.000","66.8","VA","1"
"10003","Brescia – Villaggio Sereno","2025-11-21T00:00:00.000","66.6","VA","1"
"10003","Brescia – Villaggio Sereno","2025-11-22T00:00:00.000","68.1","VA","1"
"10003","Brescia – Villaggio Sereno","2025-11-23T00:00:00.000","66.2","VA","1"
"10003","Brescia – Villaggio Sereno","2025-11-24T00:00:00.000","77.6","VA","1"
"10003","Brescia – Villaggio Sereno","2025-11-25T00:00:00.000","71.5","VA","1"
"10003","Brescia – Villaggio Sereno","2025-11-26T00:00:00.000","82.4","VA","1"
"10003","Brescia – Villaggio Sereno","2025-11-27T00:00:00.000","81.5","VA","1"
"10003","Brescia – Villaggio Sereno","2025-11-28T00:00:00.000","72.9","VA","1"
"10003","Brescia – Villaggio Sereno","2025-11-29T00:00:00.000","74.5","VA","1"
"10003","Brescia – Villaggio Sereno","2025-11-30T00:00:00.000","69.3","VA","1"
"10003","Brescia – Villaggio Sereno","2025-12-01T00:00:00.000","87.1","VA","1"
"10003","Brescia – Villaggio Sereno","2025-12-02T00:00:00.000","82.3","VA","1"
"10003","Brescia – Villaggio Sereno","2025-12-03T00:00:00.000","93.8","VA","1"
"10003","Brescia – Villaggio Sereno","2025-12-04T00:00:00.000","90.6","VA","1"
"10003","Brescia – Villaggio Sereno","2025-12-05T00:00:00.000","95.0","VA","1"
"10003","Brescia – Villaggio Sereno","2025-12-06T00:00:00.000","80.3","VA","1"
"10003","Brescia – Villaggio Sereno","2025-12-07T00:00:00.000","82.2","VA","1"
"10003","Brescia – Villaggio Sereno","2025-12-08T00:00:00.000","85.9","VA","1"
"10003","Brescia – Villaggio Sereno","2025-12-09T00:00:00.000","-9999","NA","1"
"10003","Brescia – Villaggio Sereno","2025-12-10T00:00:00.000","88.9","VA","1"
"10003","Brescia – Villaggio Sereno","2025-12-11T00:00:00.000","95.0","VA","1"
"10003","Brescia – Villaggio Sereno","2025-12-12T00:00:00.000","95.0","VA","1"
"10003","Brescia – Villaggio Sereno","2025-12-13T00:00:00.000","79.5","VA","1"
"10003","Brescia – Villaggio Sereno","2025-12-14T00:00:00.000","91.7","VA","1"
"10003","Brescia – Villaggio Sereno","2025-12-15T00:00:00.000","80.6","VA","1"
"10003","Brescia – Villaggio Sereno","2025-12-16T00:00:00.000","95.0","VA","1"
"10003","Brescia – Villaggio Sereno","2025-12-17T00:00:00.000","85.8","VA","1"
"10003","Brescia – Villaggio Sereno","2025-12-18T00:00:00.000","95.0","VA","1"
"10003","Brescia – Villaggio Sereno","2025-12-19T00:00:00.000","80.0","VA","1"
"10003","Brescia – Villaggio Sereno","2025-12-20T00:00:00.000","83.0","VA","1"
"10003","Brescia – Villaggio Sereno","2025-12-21T00:00:00.000","95.0","VA","1"
"10003","Brescia – Villaggio Sereno","2025-12-22T00:00:00.000","93.2","VA","1"
"10003","Brescia – Villaggio Sereno","2025-12-23T00:00:00.000","83.8","VA","1"
"10003","Brescia – Villaggio Sereno","2025-12-24T00:00:00.000","94.7","VA","1"
"10003","Brescia – Villaggio Sereno","2025-12-25T00:00:00.000","82.6","VA","1"
"10003","Brescia – Villaggio Sereno","2025-12-26T00:00:00.000","95.0","VA","1"
"10003","Brescia – Villaggio Sereno","2025-12-27T00:00:00.000","95.0","VA","1"
"10003","Brescia – Villaggio Sereno","2025-12-28T00:00:00.000","89.1","VA","1"
"10003","Brescia – Villaggio Sereno","2025-12-29T00:00:00.000","79.5","VA","1"
"10003","Brescia – Villaggio Sereno","2025-12-30T00:00:00.000","88.4","VA","1"
"10003","Brescia – Villaggio Sereno","2025-12-31T00:00:00.000","92.8","VA","1"
"10004","Brescia – Villaggio Sereno","2025-01-01T00:00:00.000","2.1","VA","1"
"10004","Brescia – Villaggio Sereno","2025-01-02T00:00:00.000","2.0","VA","1"
"10004","Brescia – Villaggio Sereno","2025-01-03T00:00:00.000","2.1","VA","1"
"10004","Brescia – Villaggio Sereno","2025-01-04T00:00:00.000","2.1","VA","1"
"10004","Brescia – Villaggio Sereno","2025-01-05T00:00:00.000","2.1","VA","1"
"10004","Brescia – Villaggio Sereno","2025-01-06T00:00:00.000","2.1","VA","1"
"10004","Brescia – Villaggio Sereno","2025-01-07T00:00:00.000","2.0","VA","1"
"10004","Brescia – Villaggio Sereno","2025-01-08T00:00:00.000","1.9","VA","1"
"10004","Brescia – Villaggio Sereno","2025-01-09T00:00:00.000","2.1","VA","1"
"10004","Brescia – Villaggio Sereno","2025-01-10T00:00:00.000","2.0","VA","1"
"10004","Brescia – Villaggio Sereno","2025-01-11T00:00:00.000","2.1","VA","1"
"10004","Brescia – Villaggio Sereno","2025-01-12T00:00:00.000","1.9","VA","1"
"10004","Brescia – Villaggio Sereno","2025-01-13T00:00:00.000","2.1","VA","1"
"10004","Brescia – Villaggio Sereno","2025-01-14T00:00:00.000","1.9","VA","1"
"10004","Brescia – Villaggio Sereno","2025-01-15T00:00:00.000","2.1","VA","1"
"10004","Brescia – Villaggio Sereno","2025-01-16T00:00:00.000","2.1","VA","1"
"10004","Brescia – Villaggio Sereno","2025-01-17T00:00:00.000","2.1","VA","1"
"10004","Brescia – Villaggio Sereno","2025-01-18T00:00:00.000","2.0","VA","1"
"10004","Brescia – Villaggio Sereno","2025-01-19T00:00:00.000","2.1","VA","1"
"10004","Brescia – Villaggio Sereno","2025-01-20T00:00:00.000","2.1","VA","1"
"10004","Brescia – Villaggio Sereno","2025-01-21T00:00:00.000","2.1","VA","1"
"10004","Brescia – Villaggio Sereno","2025-01-22T00:00:00.000","2.1","VA","1"
"10004","Brescia – Villaggio Sereno","2025-01-23T00:00:00.000","2.1","VA","1"
"10004","Brescia – Villaggio Sereno","2025-01-24T00:00:00.000","2.1","VA","1"
"10004","Brescia – Villaggio Sereno","2025-01-25T00:00:00.000","1.9","VA","1"
"10004","Brescia – Villaggio Sereno","2025-01-26T00:00:00.000","2.1","VA","1"
"10004","Brescia – Villaggio Sereno","2025-01-27T00:00:00.000","2.0","VA","1"
"10004","Brescia – Villaggio Sereno","2025-01-28T00:00:00.000","2.1","VA","1"
"10004","Brescia – Villaggio Sereno","2025-01-29T00:00:00.000","2.0","VA","1"
"10004","Brescia – Villaggio Sereno","2025-01-30T00:00:00.000","2.0","VA","1"
"10004","Brescia – Villaggio Sereno","2025-01-31T00:00:00.000","2.1","VA","1"
"10004","Brescia – Villaggio Sereno","2025-02-01T00:00:00.000","2.0","VA","1"
"10004","Brescia – Villaggio Sereno","2025-02-02T00:00:00.000","1.8","VA","1"
"10004","Brescia – Villaggio Sereno","2025-02-03T00:00:00.000","2.1","VA","1"
"10004","Brescia – Villaggio Sereno","2025-02-04T00:00:00.000","2.1","VA","1"
"10004","Brescia – Villaggio Sereno","2025-02-05T00:00:00.000","2.1","VA","1"
"10004","Brescia – Villaggio Sereno","2025-02-06T00:00:00.000","2.1","VA","1"
"10004","Brescia – Villaggio Sereno","2025-02-07T00:00:00.000","1.8","VA","1"
"10004","Brescia – Villaggio Sereno","2025-02-08T00:00:00.000","1.8","VA","1"
"10004","Brescia – Villaggio Sereno","2025-02-09T00:00:00.000","2.1","VA","1"
"10004","Brescia – Villaggio Sereno","2025-02-10T00:00:00.000","2.0","VA","1"
"10004","Brescia – Villaggio Sereno","2025-02-11T00:00:00.000","1.9","VA","1"
"10004","Brescia – Villaggio Sereno","2025-02-12T00:00:00.000","2.1","VA","1"
"10004","Brescia – Villaggio Sereno","2025-02-13T00:00:00.000","2.1","VA","1"
"10004","Brescia – Villaggio Sereno","2025-02-14T00:00:00.000","1.9","VA","1"
"10004","Brescia – Villaggio Sereno","2025-02-15T00:00:00.000","2.0","VA","1"
"10004","Brescia – Villaggio Sereno","2025-02-16T00:00:00.000","2.1","VA","1"
"10004","Brescia – Villaggio Sereno","2025-02-17T00:00:00.000","2.1","VA","1"
"10004","Brescia – Villaggio Sereno","2025-02-18T00:00:00.000","1.9","VA","1"
"10004","Brescia – Villaggio Sereno","2025-02-19T00:00:00.000","1.9","VA","1"
"10004","Brescia – Villaggio Sereno","2025-02-20T00:00:00.000","2.1","VA","1"
"10004","Brescia – Villaggio Sereno","2025-02-21T00:00:00.000","1.8","VA","1"
"10004","Brescia – Villaggio Sereno","2025-02-22T00:00:00.000","1.8","VA","1"
"10004","Brescia – Villaggio Sereno","2025-02-23T00:00:00.000","1.8","VA","1"
"10004","Brescia – Villaggio Sereno","2025-02-24T00:00:00.000","2.1","VA","1"
"10004","Brescia – Villaggio Sereno","2025-02-25T00:00:00.000","1.9","VA","1"
"10004","Brescia – Villaggio Sereno","2025-02-26T00:00:00.000","2.0","VA","1"
"10004","Brescia – Villaggio Sereno","2025-02-27T00:00:00.000","2.1","VA","1"
"10004","Brescia – Villaggio Sereno","2025-02-28T00:00:00.000","1.8","VA","1"
"10004","Brescia – Villaggio Sereno","2025-03-01T00:00:00.000","1.7","VA","1"
"10004","Brescia – Villaggio Sereno","2025-03-02T00:00:00.000","1.7","VA","1"
"10004","Brescia – Villaggio Sereno","2025-03-03T00:00:00.000","-9999","NA","1"
"10004","Brescia – Villaggio Sereno","2025-03-04T00:00:00.000","-9999","NA","1"
"10004","Brescia – Villaggio Sereno","2025-03-05T00:00:00.000","-9999","NA","1"
"10004","Brescia – Villaggio Sereno","2025-03-06T00:00:00.000","-9999","NA","1"
"10004","Brescia – Villaggio Sereno","2025-03-07T00:00:00.000","-9999","NA","1"
"10004","Brescia – Villaggio Sereno","2025-03-08T00:00:00.000","-9999","NA","1"
"10004","Brescia – Villaggio Sereno","2025-03-09T00:00:00.000","-9999","NA","1"
"10004","Brescia – Villaggio Sereno","2025-03-10T00:00:00.000","-9999","NA","1"
"10004","Brescia – Villaggio Sereno","2025-03-11T00:00:00.000","-9999","NA","1"
"10004","Brescia – Villaggio Sereno","2025-03-12T00:00:00.000","-9999","NA","1"
"10004","Brescia – Villaggio Sereno","2025-03-13T00:00:00.000","-9999","NA","1"
"10004","Brescia – Villaggio Sereno","2025-03-14T00:00:00.000","-9999","NA","1"
"10004","Brescia – Villaggio Sereno","2025-03-15T00:00:00.000","-9999","NA","1"
"10004","Brescia – Villaggio Sereno","2025-03-16T00:00:00.000","1.7","VA","1"
"10004","Brescia – Villaggio Sereno","2025-03-17T00:00:00.000","1.8","VA","1"
"10004","Brescia – Villaggio Sereno","2025-03-18T00:00:00.000","1.5","VA","1"
"10004","Brescia – Villaggio Sereno","2025-03-19T00:00:00.000","1.5","VA","1"
"10004","Brescia – Villaggio Sereno","2025-03-20T00:00:00.000","1.8","VA","1"
"10004","Brescia – Villaggio Sereno","2025-03-21T00:00:00.000","1.6","VA","1"
"10004","Brescia – Villaggio Sereno","2025-03-22T00:00:00.000","1.7","VA","1"
"10004","Brescia – Villaggio Sereno","2025-03-23T00:00:00.000","1.8","VA","1"
"10004","Brescia – Villaggio Sereno","2025-03-24T00:00:00.000","-9999","NA","1"
"10004","Brescia – Villaggio Sereno","2025-03-25T00:00:00.000","1.5","VA","1"
"10004","Brescia – Villaggio Sereno","2025-03-26T00:00:00.000","1.6","VA","1"
"10004","Brescia – Villaggio Sereno","2025-03-27T00:00:00.000","1.8","VA","1"
"10004","Brescia – Villaggio Sereno","2025-03-28T00:00:00.000","1.7","VA","1"
"10004","Brescia – Villaggio Sereno","2025-03-29T00:00:00.000","1.5","VA","1"
"10004","Brescia – Villaggio Sereno","2025-03-30T00:00:00.000","1.7","VA","1"
"10004","Brescia – Villaggio Sereno","2025-03-31T00:00:00.000","1.5","VA","1"
"10004","Brescia – Villaggio Sereno","2025-04-01T00:00:00.000","1.1","VA","1"
"10004","Brescia – Villaggio Sereno","2025-04-02T00:00:00.000","1.3","VA","1"
"10004","Brescia – Villaggio Sereno","2025-04-03T00:00:00.000","1.3","VA","1"
"10004","Brescia – Villaggio Sereno","2025-04-04T00:00:00.000","1.1","VA","1"
"10004","Brescia – Villaggio Sereno","2025-04-05T00:00:00.000","1.1","VA","1"
"10004","Brescia – Villaggio Sereno","2025-04-06T00:00:00.000","1.2","VA","1"
"10004","Brescia – Villaggio Sereno","2025-04-07T00:00:00.000","1.1","VA","1"
"10004","Brescia – Villaggio Sereno","2025-04-08T00:00:00.000","1.1","VA","1"
"10004","Brescia – Villaggio Sereno","2025-04-09T00:00:00.000","1.1","VA","1"
"10004","Brescia – Villaggio Sereno","2025-04-10T00:00:00.000","1.1","VA","1"
"10004","Brescia – Villaggio Sereno","2025-04-11T00:00:00.000","1.3","VA","1"
"10004","Brescia – Villaggio Sereno","2025-04-12T00:00:00.000","1.0","VA","1"
"10004","Brescia – Villaggio Sereno","2025-04-13T00:00:00.000","1.2","VA","1"
"10004","Brescia – Villaggio Sereno","2025-04-14T00:00:00.000","1.1","VA","1"
"10004","Brescia – Villaggio Sereno","2025-04-15T00:00:00.000","-9999","NA","1"
"10004","Brescia – Villaggio Sereno","2025-04-16T00:00:00.000","1.3","VA","1"
"10004","Brescia – Villaggio Sereno","2025-04-17T00:00:00.000","-9999","NA","1"
"10004","Brescia – Villaggio Sereno","2025-04-18T00:00:00.000","1.1","VA","1"
"10004","Brescia – Villaggio Sereno","2025-04-19T00:00:00.000","1.3","VA","1"
"10004","Brescia – Villaggio Sereno","2025-04-20T00:00:00.000","1.4","VA","1"
"10004","Brescia – Villaggio Sereno","2025-04-21T00:00:00.000","1.3","VA","1"
"10004","Brescia – Villaggio Sereno","2025-04-22T00:00:00.000","1.0","VA","1"
"10004","Brescia – Villaggio Sereno","2025-04-23T00:00:00.000","0.9","VA","1"
"10004","Brescia – Villaggio Sereno","2025-04-24T00:00:00.000","0.9","VA","1"
"10004","Brescia – Villaggio Sereno","2025-04-25T00:00:00.000","1.0","VA","1"
"10004","Brescia – Villaggio Sereno","2025-04-26T00:00:00.000","1.3","VA","1"
"10004","Brescia – Villaggio Sereno","2025-04-27T00:00:00.000","1.0","VA","1"
"10004","Brescia – Villaggio Sereno","2025-04-28T00:00:00.000","0.9","VA","1"
"10004","Brescia – Villaggio Sereno","2025-04-29T00:00:00.000","1.0","VA","1"
"10004","Brescia – Villaggio Sereno","2025-04-30T00:00:00.000","0.9","VA","1"
"10004","Brescia – Villaggio Sereno","2025-05-01T00:00:00.000","0.6","VA","1"
"10004","Brescia – Villaggio Sereno","2025-05-02T00:00:00.000","0.5","VA","1"
"10004","Brescia – Villaggio Sereno","2025-05-03T00:00:00.000","0.8","VA","1"
"10004","Brescia – Villaggio Sereno","2025-05-04T00:00:00.000","0.7","VA","1"
"10004","Brescia – Villaggio Sereno","2025-05-05T00:00:00.000","0.6","VA","1"
"10004","Brescia – Villaggio Sereno","2025-05-06T00:00:00.000","0.8","VA","1"
"10004","Brescia – Villaggio Sereno","2025-05-07T00:00:00.000","0.5","VA","1"
"10004","Brescia – Villaggio Sereno","2025-05-08T00:00:00.000","0.9","VA","1"
"10004","Brescia – Villaggio Sereno","2025-05-09T00:00:00.000","0.7","VA","1"
"10004","Brescia – Villaggio Sereno","2025-05-10T00:00:00.000","0.6","VA","1"
"10004","Brescia – Villaggio Sereno","2025-05-11T00:00:00.000","0.7","VA","1"
"10004","Brescia – Villaggio Sereno","2025-05-12T00:00:00.000","0.9","VA","1"
"10004","Brescia – Villaggio Sereno","2025-05-13T00:00:00.000","0.7","VA","1"
"10004","Brescia – Villaggio Sereno","2025-05-14T00:00:00.000","0.7","VA","1"
"10004","Brescia – Villaggio Sereno","2025-05-15T00:00:00.000","0.8","VA","1"
"10004","Brescia – Villaggio Sereno","2025-05-16T00:00:00.000","0.6","VA","1"
"10004","Brescia – Villaggio Sereno","2025-05-17T00:00:00.000","-9999","NA","1"
"10004","Brescia – Villaggio Sereno","2025-05-18T00:00:00.000","0.6","VA","1"
"10004","Brescia – Villaggio Sereno","2025-05-19T00:00:00.000","0.4","VA","1"
"10004","Brescia – Villaggio Sereno","2025-05-20T00:00:00.000","0.8","VA","1"
"10004","Brescia – Villaggio Sereno","2025-05-21T00:00:00.000","0.8","VA","1"
"10004","Brescia – Villaggio Sereno","2025-05-22T00:00:00.000","0.6","VA","1"
"10004","Brescia – Villaggio Sereno","2025-05-23T00:00:00.000","0.6","VA","1"
"10004","Brescia – Villaggio Sereno","2025-05-24T00:00:00.000","0.7","VA","1"
"10004","Brescia – Villaggio Sereno","2025-05-25T00:00:00.000","0.8","VA","1"
"10004","Brescia – Villaggio Sereno","2025-05-26T00:00:00.000","0.6","VA","1"
"10004","Brescia – Villaggio Sereno","2025-05-27T00:00:00.000","0.8","VA","1"
"10004","Brescia – Villaggio Sereno","2025-05-28T00:00:00.000","0.6","VA","1"
"10004","Brescia – Villaggio Sereno","2025-05-29T00:00:00.000","-9999","NA","1"
"10004","Brescia – Villaggio Sereno","2025-05-30T00:00:00.000","0.9","VA","1"
"10004","Brescia – Villaggio Sereno","2025-05-31T00:00:00.000","0.5","VA","1"
"10004","Brescia – Villaggio Sereno","2025-06-01T00:00:00.000","0.5","VA","1"
"10004","Brescia – Villaggio Sereno","2025-06-02T00:00:00.000","0.3","VA","1"
"10004","Brescia – Villaggio Sereno","2025-06-03T00:00:00.000","0.4","VA","1"
"10004","Brescia – Villaggio Sereno","2025-06-04T00:00:00.000","-9999","NA","1"
"10004","Brescia – Villaggio Sereno","2025-06-05T00:00:00.000","0.3","VA","1"
"10004","Brescia – Villaggio Sereno","2025-06-06T00:00:00.000","0.2","VA","1"
"10004","Brescia – Villaggio Sereno","2025-06-07T00:00:00.000","0.4","VA","1"
"10004","Brescia – Villaggio Sereno","2025-06-08T00:00:00.000","0.2","VA","1"
"10004","Brescia – Villaggio Sereno","2025-06-09T00:00:00.000","0.3","VA","1"
"10004","Brescia – Villaggio Sereno","2025-06-10T00:00:00.000","0.2","VA","1"
"10004","Brescia – Villaggio Sereno","2025-06-11T00:00:00.000","0.2","VA","1"
"10004","Brescia – Villaggio Sereno","2025-06-12T00:00:00.000","0.2","VA","1"
"10004","Brescia – Villaggio Sereno","2025-06-13T00:00:00.000","0.4","VA","1"
"10004","Brescia – Villaggio Sereno","2025-06-14T00:00:00.000","0.3","VA","1"
"10004","Brescia – Villaggio Sereno","2025-06-15T00:00:00.000","0.4","VA","1"
"10004","Brescia – Villaggio Sereno","2025-06-16T00:00:00.000","0.2","VA","1"
"10004","Brescia – Villaggio Sereno","2025-06-17T00:00:00.000","0.4","VA","1"
"10004","Brescia – Villaggio Sereno","2025-06-18T00:00:00.000","0.3","VA","1"
"10004","Brescia – Villaggio Sereno","2025-06-19T00:00:00.000","0.5","VA","1"
"10004","Brescia – Villaggio Sereno","2025-06-20T00:00:00.000","0.5","VA","1"
"10004","Brescia – Villaggio Sereno","2025-06-21T00:00:00.000","0.3","VA","1"
"10004","Brescia – Villaggio Sereno","2025-06-22T00:00:00.000","0.3","VA","1"
"10004","Brescia – Villaggio Sereno","2025-06-23T00:00:00.000","0.4","VA","1"
"10004","Brescia – Villaggio Sereno","2025-06-24T00:00:00.000","0.2","VA","1"
"10004","Brescia – Villaggio Sereno","2025-06-25T00:00:00.000","0.2","VA","1"
"10004","Brescia – Villaggio Sereno","2025-06-26T00:00:00.000","0.4","VA","1"
"10004","Brescia – Villaggio Sereno","2025-06-27T00:00:00.000","0.5","VA","1"
"10004","Brescia – Villaggio Sereno","2025-06-28T00:00:00.000","0.2","VA","1"
"10004","Brescia – Villaggio Sereno","2025-06-29T00:00:00.000","0.4","VA","1"
"10004","Brescia – Villaggio Sereno","2025-06-30T00:00:00.000","0.2","VA","1"
"10004","Brescia – Villaggio Sereno","2025-07-01T00:00:00.000","0.3","VA","1"
"10004","Brescia – Villaggio Sereno","2025-07-02T00:00:00.000","0.2","VA","1"
"10004","Brescia – Villaggio Sereno","2025-07-03T00:00:00.000","0.2","VA","1"
"10004","Brescia – Villaggio Sereno","2025-07-04T00:00:00.000","0.2","VA","1"
"10004","Brescia – Villaggio Sereno","2025-07-05T00:00:00.000","0.2","VA","1"
"10004","Brescia – Villaggio Sereno","2025-07-06T00:00:00.000","0.2","VA","1"
"10004","Brescia – Villaggio Sereno","2025-07-07T00:00:00.000","0.2","VA","1"
"10004","Brescia – Villaggio Sereno","2025-07-08T00:00:00.000","0.2","VA","1"
"10004","Brescia – Villaggio Sereno","2025-07-09T00:00:00.000","0.2","VA","1"
"10004","Brescia – Villaggio Sereno","2025-07-10T00:00:00.000","0.2","VA","1"
"10004","Brescia – Villaggio Sereno","2025-07-11T00:00:00.000","0.3","VA","1"
"10004","Brescia – Villaggio Sereno","2025-07-12T00:00:00.000","0.2","VA","1"
"10004","Brescia – Villaggio Sereno","2025-07-13T00:00:00.000","0.2","VA","1"
"10004","Brescia – Villaggio Sereno","2025-07-14T00:00:00.000","0.2","VA","1"
"10004","Brescia – Villaggio Sereno","2025-07-15T00:00:00.000","0.3","VA","1"
"10004","Brescia – Villaggio Sereno","2025-07-16T00:00:00.000","0.2","VA","1"
"10004","Brescia – Villaggio Sereno","2025-07-17T00:00:00.000","0.2","VA","1"
"10004","Brescia – Villaggio Sereno","2025-07-18T00:00:00.000","0.2","VA","1"
"10004","Brescia – Villaggio Sereno","2025-07-19T00:00:00.000","0.2","VA","1"
"10004","Brescia – Villaggio Sereno","2025-07-20T00:00:00.000","0.2","VA","1"
"10004","Brescia – Villaggio Sereno","2025-07-21T00:00:00.000","0.4","VA","1"
"10004","Brescia – Villaggio Sereno","2025-07-22T00:00:00.000","0.2","VA","1"
"10004","Brescia – Villaggio Sereno","2025-07-23T00:00:00.000","0.3","VA","1"
"10004","Brescia – Villaggio Sereno","2025-07-24T00:00:00.000","0.2","VA","1"
"10004","Brescia – Villaggio Sereno","2025-07-25T00:00:00.000","0.4","VA","1"
"10004","Brescia – Villaggio Sereno","2025-07-26T00:00:00.000","0.4","VA","1"
"10004","Brescia – Villaggio Sereno","2025-07-27T00:00:00.000","0.2","VA","1"
"10004","Brescia – Villaggio Sereno","2025-07-28T00:00:00.000","0.2","VA","1"
"10004","Brescia – Villaggio Sereno","2025-07-29T00:00:00.000","0.2","VA","1"
"10004","Brescia – Villaggio Sereno","2025-07-30T00:00:00.000","0.2","VA","1"
"10004","Brescia – Villaggio Sereno","2025-07-31T00:00:00.000","0.3","VA","1"
"10004","Brescia – Villaggio Sereno","2025-08-01T00:00:00.000","0.3","VA","1"
"10004","Brescia – Villaggio Sereno","2025-08-02T00:00:00.000","0.3","VA","1"
"10004","Brescia – Villaggio Sereno","2025-08-03T00:00:00.000","0.3","VA","1"
"10004","Brescia – Villaggio Sereno","2025-08-04T00:00:00.000","0.2","VA","1"
"10004","Brescia – Villaggio Sereno","2025-08-05T00:00:00.000","0.5","VA","1"
"10004","Brescia – Villaggio Sereno","2025-08-06T00:00:00.000","0.5","VA","1"
"10004","Brescia – Villaggio Sereno","2025-08-07T00:00:00.000","0.5","VA","1"
"10004","Brescia – Villaggio Sereno","2025-08-08T00:00:00.000","0.2","VA","1"
"10004","Brescia – Villaggio Sereno","2025-08-09T00:00:00.000","0.2","VA","1"
"10004","Brescia – Villaggio Sereno","2025-08-10T00:00:00.000","0.4","VA","1"
"10004","Brescia – Villaggio Sereno","2025-08-11T00:00:00.000","0.3","VA","1"
"10004","Brescia – Villaggio Sereno","2025-08-12T00:00:00.000","0.2","VA","1"
"10004","Brescia – Villaggio Sereno","2025-08-13T00:00:00.000","0.2","VA","1"
"10004","Brescia – Villaggio Sereno","2025-08-14T00:00:00.000","0.2","VA","1"
"10004","Brescia – Villaggio Sereno","2025-08-15T00:00:00.000","0.2","VA","1"
"10004","Brescia – Villaggio Sereno","2025-08-16T00:00:00.000","0.3","VA","1"
"10004","Brescia – Villaggio Sereno","2025-08-17T00:00:00.000","0.2","VA","1"
"10004","Brescia – Villaggio Sereno","2025-08-18T00:00:00.000","0.2","VA","1"
"10004","Brescia – Villaggio Sereno","2025-08-19T00:00:00.000","0.2","VA","1"
"10004","Brescia – Villaggio Sereno","2025-08-20T00:00:00.000","0.5","VA","1"
"10004","Brescia – Villaggio Sereno","2025-08-21T00:00:00.000","0.5","VA","1"
"10004","Brescia – Villaggio Sereno","2025-08-22T00:00:00.000","0.3","VA","1"
"10004","Brescia – Villaggio Sereno","2025-08-23T00:00:00.000","0.5","VA","1"
"10004","Brescia – Villaggio Sereno","2025-08-24T00:00:00.000","0.5","VA","1"
"10004","Brescia – Villaggio Sereno","2025-08-25T00:00:00.000","0.3","VA","1"
"10004","Brescia – Villaggio Sereno","2025-08-26T00:00:00.000","0.3","VA","1"
"10004","Brescia – Villaggio Sereno","2025-08-27T00:00:00.000","0.2","VA","1"
"10004","Brescia – Villaggio Sereno","2025-08-28T00:00:00.000","0.2","VA","1"
"10004","Brescia – Villaggio Sereno","2025-08-29T00:00:00.000","0.5","VA","1"
"10004","Brescia – Villaggio Sereno","2025-08-30T00:00:00.000","0.4","VA","1"
"10004","Brescia – Villaggio Sereno","2025-08-31T00:00:00.000","0.5","VA","1"
"10004","Brescia – Villaggio Sereno","2025-09-01T00:00:00.000","0.6","VA","1"
"10004","Brescia – Villaggio Sereno","2025-09-02T00:00:00.000","0.8","VA","1"
"10004","Brescia – Villaggio Sereno","2025-09-03T00:00:00.000","0.8","VA","1"
"10004","Brescia – Villaggio Sereno","2025-09-04T00:00:00.000","0.5","VA","1"
"10004","Brescia – Villaggio Sereno","2025-09-05T00:00:00.000","0.8","VA","1"
"10004","Brescia – Villaggio Sereno","2025-09-06T00:00:00.000","0.7","VA","1"
"10004","Brescia – Villaggio Sereno","2025-09-07T00:00:00.000","0.7","VA","1"
"10004","Brescia – Villaggio Sereno","2025-09-08T00:00:00.000","0.9","VA","1"
"10004","Brescia – Villaggio Sereno","2025-09-09T00:00:00.000","0.7","VA","1"
"10004","Brescia – Villaggio Sereno","2025-09-10T00:00:00.000","0.5","VA","1"
"10004","Brescia – Villaggio Sereno","2025-09-11T00:00:00.000","0.9","VA","1"
"10004","Brescia – Villaggio Sereno","2025-09-12T00:00:00.000","0.9","VA","1"
"10004","Brescia – Villaggio Sereno","2025-09-13T00:00:00.000","0.7","VA","1"
"10004","Brescia – Villaggio Sereno","2025-09-14T00:00:00.000","0.8","VA","1"
"10004","Brescia – Villaggio Sereno","2025-09-15T00:00:00.000","0.7","VA","1"
"10004","Brescia – Villaggio Sereno","2025-09-16T00:00:00.000","0.6","VA","1"
"10004","Brescia – Villaggio Sereno","2025-09-17T00:00:00.000","0.9","VA","1"
"10004","Brescia – Villaggio Sereno","2025-09-18T00:00:00.000","-9999","NA","1"
"10004","Brescia – Villaggio Sereno","2025-09-19T00:00:00.000","0.5","VA","1"
"10004","Brescia – Villaggio Sereno","2025-09-20T00:00:00.000","0.9","VA","1"
"10004","Brescia – Villaggio Sereno","2025-09-21T00:00:00.000","0.6","VA","1"
"10004","Brescia – Villaggio Sereno","2025-09-22T00:00:00.000","0.7","VA","1"
"10004","Brescia – Villaggio Sereno","2025-09-23T00:00:00.000","0.5","VA","1"
"10004","Brescia – Villaggio Sereno","2025-09-24T00:00:00.000","0.8","VA","1"
"10004","Brescia – Villaggio Sereno","2025-09-25T00:00:00.000","0.8","VA","1"
"10004","Brescia – Villaggio Sereno","2025-09-26T00:00:00.000","0.8","VA","1"
"10004","Brescia – Villaggio Sereno","2025-09-27T00:00:00.000","0.7","VA","1"
"10004","Brescia – Villaggio Sereno","2025-09-28T00:00:00.000","0.6","VA","1"
"10004","Brescia – Villaggio Sereno","2025-09-29T00:00:00.000","0.7","VA","1"
"10004","Brescia – Villaggio Sereno","2025-09-30T00:00:00.000","0.5","VA","1"
"10004","Brescia – Villaggio Sereno","2025-10-01T00:00:00.000","1.2","VA","1"
"10004","Brescia – Villaggio Sereno","2025-10-02T00:00:00.000","1.2","VA","1"
"10004","Brescia – Villaggio Sereno","2025-10-03T00:00:00.000","1.3","VA","1"
"10004","Brescia – Villaggio Sereno","2025-10-04T00:00:00.000","0.9","VA","1"
"10004","Brescia – Villaggio Sereno","2025-10-05T00:00:00.000","1.3","VA","1"
"10004","Brescia – Villaggio Sereno","2025-10-06T00:00:00.000","1.1","VA","1"
"10004","Brescia – Villaggio Sereno","2025-10-07T00:00:00.000","1.2","VA","1"
"10004","Brescia – Villaggio Sereno","2025-10-08T00:00:00.000","1.3","VA","1"
"10004","Brescia – Villaggio Sereno","2025-10-09T00:00:00.000","-9999","NA","1"
"10004","Brescia – Villaggio Sereno","2025-10-10T00:00:00.000","1.3","VA","1"
"10004","Brescia – Villaggio Sereno","2025-10-11T00:00:00.000","1.3","VA","1"
"10004","Brescia – Villaggio Sereno","2025-10-12T00:00:00.000","1.0","VA","1"
"10004","Brescia – Villaggio Sereno","2025-10-13T00:00:00.000","1.3","VA","1"
"10004","Brescia – Villaggio Sereno","2025-10-14T00:00:00.000","1.0","VA","1"
"10004","Brescia – Villaggio Sereno","2025-10-15T00:00:00.000","1.1","VA","1"
"10004","Brescia – Villaggio Sereno","2025-10-16T00:00:00.000","1.3","VA","1"
"10004","Brescia – Villaggio Sereno","2025-10-17T00:00:00.000","0.9","VA","1"
"10004","Brescia – Villaggio Sereno","2025-10-18T00:00:00.000","0.9","VA","1"
"10004","Brescia – Villaggio Sereno","2025-10-19T00:00:00.000","1.1","VA","1"
"10004","Brescia – Villaggio Sereno","2025-10-20T00:00:00.000","1.1","VA","1"
"10004","Brescia – Villaggio Sereno","2025-10-21T00:00:00.000","1.2","VA","1"
"10004","Brescia – Villaggio Sereno","2025-10-22T00:00:00.000","1.3","VA","1"
"10004","Brescia – Villaggio Sereno","2025-10-23T00:00:00.000","1.1","VA","1"
"10004","Brescia – Villaggio Sereno","2025-10-24T00:00:00.000","-9999","NA","1"
"10004","Brescia – Villaggio Sereno","2025-10-25T00:00:00.000","1.3","VA","1"
"10004","Brescia – Villaggio Sereno","2025-10-26T00:00:00.000","1.0","VA","1"
"10004","Brescia – Villaggio Sereno","2025-10-27T00:00:00.000","1.2","VA","1"
"10004","Brescia – Villaggio Sereno","2025-10-28T00:00:00.000","1.3","VA","1"
"10004","Brescia – Villaggio Sereno","2025-10-29T00:00:00.000","1.3","VA","1"
"10004","Brescia – Villaggio Sereno","2025-10-30T00:00:00.000","1.2","VA","1"
"10004","Brescia – Villaggio Sereno","2025-10-31T00:00:00.000","1.2","VA","1"
"10004","Brescia – Villaggio Sereno","2025-11-01T00:00:00.000","1.8","VA","1"
"10004","Brescia – Villaggio Sereno","2025-11-02T00:00:00.000","1.6","VA","1"
"10004","Brescia – Villaggio Sereno","2025-11-03T00:00:00.000","1.6","VA","1"
"10004","Brescia – Villaggio Sereno","2025-11-04T00:00:00.000","1.8","VA","1"
"10004","Brescia – Villaggio Sereno","2025-11-05T00:00:00.000","1.8","VA","1"
"10004","Brescia – Villaggio Sereno","2025-11-06T00:00:00.000","1.8","VA","1"
"10004","Brescia – Villaggio Sereno","2025-11-07T00:00:00.000","1.8","VA","1"
"10004","Brescia – Villaggio Sereno","2025-11-08T00:00:00.000","1.5","VA","1"
"10004","Brescia – Villaggio Sereno","2025-11-09T00:00:00.000","1.6","VA","1"
"10004","Brescia – Villaggio Sereno","2025-11-10T00:00:00.000","1.7","VA","1"
"10004","Brescia – Villaggio Sereno","2025-11-11T00:00:00.000","1.7","VA","1"
"10004","Brescia – Villaggio Sereno","2025-11-12T00:00:00.000","1.6","VA","1"
"10004","Brescia – Villaggio Sereno","2025-11-13T00:00:00.000","1.6","VA","1"
"10004","Brescia – Villaggio Sereno","2025-11-14T00:00:00.000","1.5","VA","1"
"10004","Brescia – Villaggio Sereno","2025-11-15T00:00:00.000","1.4","VA","1"
"10004","Brescia – Villaggio Sereno","2025-11-16T00:00:00.000","1.4","VA","1"
"10004","Brescia – Villaggio Sereno","2025-11-17T00:00:00.000","1.8","VA","1"
"10004","Brescia – Villaggio Sereno","2025-11-18T00:00:00.000","1.5","VA","1"
"10004","Brescia – Villaggio Sereno","2025-11-19T00:00:00.000","1.6","VA","1"
"10004","Brescia – Villaggio Sereno","2025-11-20T00:00:00.000","1.9","VA","1"
"10004","Brescia – Villaggio Sereno","2025-11-21T00:00:00.000","1.5","VA","1"
"10004","Brescia – Villaggio Sereno","2025-11-22T00:00:00.000","-9999","NA","1"
"10004","Brescia – Villaggio Sereno","2025-11-23T00:00:00.000","1.8","VA","1"
"10004","Brescia – Villaggio Sereno","2025-11-24T00:00:00.000","1.7","VA","1"
"10004","Brescia – Villaggio Sereno","2025-11-25T00:00:00.000","1.8","VA","1"
"10004","Brescia – Villaggio Sereno","2025-11-26T00:00:00.000","1.8","VA","1"
"10004","Brescia – Villaggio Sereno","2025-11-27T00:00:00.000","1.7","VA","1"
"10004","Brescia – Villaggio Sereno","2025-11-28T00:00:00.000","1.6","VA","1"
"10004","Brescia – Villaggio Sereno","2025-11-29T00:00:00.000","1.5","VA","1"
"10004","Brescia – Villaggio Sereno","2025-11-30T00:00:00.000","1.5","VA","1"
"10004","Brescia – Villaggio Sereno","2025-12-01T00:00:00.000","1.9","VA","1"
"10004","Brescia – Villaggio Sereno","2025-12-02T00:00:00.000","-9999","NA","1"
"10004","Brescia – Villaggio Sereno","2025-12-03T00:00:00.000","2.0","VA","1"
"10004","Brescia – Villaggio Sereno","2025-12-04T00:00:00.000","2.1","VA","1"
"10004","Brescia – Villaggio Sereno","2025-12-05T00:00:00.000","2.1","VA","1"
"10004","Brescia – Villaggio Sereno","2025-12-06T00:00:00.000","1.9","VA","1"
"10004","Brescia – Villaggio Sereno","2025-12-07T00:00:00.000","1.9","VA","1"
"10004","Brescia – Villaggio Sereno","2025-12-08T00:00:00.000","1.9","VA","1"
"10004","Brescia – Villaggio Sereno","2025-12-09T00:00:00.000","1.8","VA","1"
"10004","Brescia – Villaggio Sereno","2025-12-10T00:00:00.000","1.8","VA","1"
"10004","Brescia – Villaggio Sereno","2025-12-11T00:00:00.000","1.8","VA","1"
"10004","Brescia – Villaggio Sereno","2025-12-12T00:00:00.000","2.1","VA","1"
"10004","Brescia – Villaggio Sereno","2025-12-13T00:00:00.000","-9999","NA","1"
"10004","Brescia – Villaggio Sereno","2025-12-14T00:00:00.000","1.8","VA","1"
"10004","Brescia – Villaggio Sereno","2025-12-15T00:00:00.000","1.8","VA","1"
"10004","Brescia – Villaggio Sereno","2025-12-16T00:00:00.000","2.1","VA","1"
"10004","Brescia – Villaggio Sereno","2025-12-17T00:00:00.000","1.8","VA","1"
"10004","Brescia – Villaggio Sereno","2025-12-18T00:00:00.000","1.8","VA","1"
"10004","Brescia – Villaggio Sereno","2025-12-19T00:00:00.000","2.0","VA","1"
"10004","Brescia – Villaggio Sereno","2025-12-20T00:00:00.000","1.9","VA","1"
"10004","Brescia – Villaggio Sereno","2025-12-21T00:00:00.000","1.9","VA","1"
"10004","Brescia – Villaggio Sereno","2025-12-22T00:00:00.000","2.0","VA","1"
"10004","Brescia – Villaggio Sereno","2025-12-23T00:00:00.000","1.9","VA","1"
"10004","Brescia – Villaggio Sereno","2025-12-24T00:00:00.000","1.8","VA","1"
"10004","Brescia – Villaggio Sereno","2025-12-25T00:00:00.000","2.1","VA","1"
"10004","Brescia – Villaggio Sereno","2025-12-26T00:00:00.000","2.1","VA","1"
"10004","Brescia – Villaggio Sereno","2025-12-27T00:00:00.000","1.8","VA","1"
"10004","Brescia – Villaggio Sereno","2025-12-28T00:00:00.000","2.1","VA","1"
"10004","Brescia – Villaggio Sereno","2025-12-29T00:00:00.000","1.8","VA","1"
"10004","Brescia – Villaggio Sereno","2025-12-30T00:00:00.000","1.8","VA","1"
"10004","Brescia – Villaggio Sereno","2025-12-31T00:00:00.000","-9999","NA","1"
"10005","Cantù - Via Meucci","2025-01-01T00:00:00.000","95.0","VA","1"
"10005","Cantù - Via Meucci","2025-01-02T00:00:00.000","89.3","VA","1"
"10005","Cantù - Via Meucci","2025-01-03T00:00:00.000","95.0","VA","1"
"10005","Cantù - Via Meucci","2025-01-04T00:00:00.000","95.0","VA","1"
"10005","Cantù - Via Meucci","2025-01-05T00:00:00.000","86.6","VA","1"
"10005","Cantù - Via Meucci","2025-01-06T00:00:00.000","91.1","VA","1"
"10005","Cantù - Via Meucci","2025-01-07T00:00:00.000","87.5","VA","1"
"10005","Cantù - Via Meucci","2025-01-08T00:00:00.000","87.2","VA","1"
"10005","Cantù - Via Meucci","2025-01-09T00:00:00.000","85.6","VA","1"
"10005","Cantù - Via Meucci","2025-01-10T00:00:00.000","91.6","VA","1"
"10005","Cantù - Via Meucci","2025-01-11T00:00:00.000","94.3","VA","1"
"10005","Cantù - Via Meucci","2025-01-12T00:00:00.000","95.0","VA","1"
"10005","Cantù - Via Meucci","2025-01-13T00:00:00.000","91.8","VA","1"
"10005","Cantù - Via Meucci","2025-01-14T00:00:00.000","95.0","VA","1"
"10005","Cantù - Via Meucci","2025-01-15T00:00:00.000","95.0","VA","1"
"10005","Cantù - Via Meucci","2025-01-16T00:00:00.000","87.5","VA","1"
"10005","Cantù - Via Meucci","2025-01-17T00:00:00.000","92.4","VA","1"
"10005","Cantù - Via Meucci","2025-01-18T00:00:00.000","93.8","VA","1"
"10005","Cantù - Via Meucci","2025-01-19T00:00:00.000","95.0","VA","1"
"10005","Cantù - Via Meucci","2025-01-20T00:00:00.000","95.0","VA","1"
"10005","Cantù - Via Meucci","2025-01-21T00:00:00.000","94.5","VA","1"
"10005","Cantù - Via Meucci","2025-01-22T00:00:00.000","95.0","VA","1"
"10005","Cantù - Via Meucci","2025-01-23T00:00:00.000","95.0","VA","1"
"10005","Cantù - Via Meucci","2025-01-24T00:00:00.000","85.5","VA","1"
"10005","Cantù - Via Meucci","2025-01-25T00:00:00.000","95.0","VA","1"
"10005","Cantù - Via Meucci","2025-01-26T00:00:00.000","86.4","VA","1"
"10005","Cantù - Via Meucci","2025-01-27T00:00:00.000","90.5","VA","1"
"10005","Cantù - Via Meucci","2025-01-28T00:00:00.000","91.4","VA","1"
"10005","Cantù - Via Meucci","2025-01-29T00:00:00.000","86.1","VA","1"
"10005","Cantù - Via Meucci","2025-01-30T00:00:00.000","95.0","VA","1"
"10005","Cantù - Via Meucci","2025-01-31T00:00:00.000","95.0","VA","1"
"10005","Cantù - Via Meucci","2025-02-01T00:00:00.000","87.1","VA","1"
"10005","Cantù - Via Meucci","2025-02-02T00:00:00.000","95.0","VA","1"
"10005","Cantù - Via Meucci","2025-02-03T00:00:00.000","93.9","VA","1"
"10005","Cantù - Via Meucci","2025-02-04T00:00:00.000","87.2","VA","1"
"10005","Cantù - Via Meucci","2025-02-05T00:00:00.000","82.6","VA","1"
"10005","Cantù - Via Meucci","2025-02-06T00:00:00.000","95.0","VA","1"
"10005","Cantù - Via Meucci","2025-02-07T00:00:00.000","85.7","VA","1"
"10005","Cantù - Via Meucci","2025-02-08T00:00:00.000","95.0","VA","1"
"10005","Cantù - Via Meucci","2025-02-09T00:00:00.000","85.5","VA","1"
"10005","Cantù - Via Meucci","2025-02-10T00:00:00.000","-9999","NA","1"
"10005","Cantù - Via Meucci","2025-02-11T00:00:00.000","95.0","VA","1"
"10005","Cantù - Via Meucci","2025-02-12T00:00:00.000","92.5","VA","1"
"10005","Cantù - Via Meucci","2025-02-13T00:00:00.000","92.3","VA","1"
"10005","Cantù - Via Meucci","2025-02-14T00:00:00.000","95.0","VA","1"
"10005","Cantù - Via Meucci","2025-02-15T00:00:00.000","90.1","VA","1"
"10005","Cantù - Via Meucci","2025-02-16T00:00:00.000","80.0","VA","1"
"10005","Cantù - Via Meucci","2025-02-17T00:00:00.000","95.0","VA","1"
"10005","Cantù - Via Meucci","2025-02-18T00:00:00.000","94.2","VA","1"
"10005","Cantù - Via Meucci","2025-02-19T00:00:00.000","91.5","VA","1"
"10005","Cantù - Via Meucci","2025-02-20T00:00:00.000","92.8","VA","1"
"10005","Cantù - Via Meucci","2025-02-21T00:00:00.000","92.8","VA","1"
"10005","Cantù - Via Meucci","2025-02-22T00:00:00.000","95.0","VA","1"
"10005","Cantù - Via Meucci","2025-02-23T00:00:00.000","84.2","VA","1"
"10005","Cantù - Via Meucci","2025-02-24T00:00:00.000","80.1","VA","1"
"10005","Cantù - Via Meucci","2025-02-25T00:00:00.000","93.9","VA","1"
"10005","Cantù - Via Meucci","2025-02-26T00:00:00.000","90.1","VA","1"
"10005","Cantù - Via Meucci","2025-02-27T00:00:00.000","79.8","VA","1"
"10005","Cantù - Via Meucci","2025-02-28T00:00:00.000","80.3","VA","1"
"10005","Cantù - Via Meucci","2025-03-01T00:00:00.000","80.0","VA","1"
"10005","Cantù - Via Meucci","2025-03-02T00:00:00.000","79.2","VA","1"
"10005","Cantù - Via Meucci","2025-03-03T00:00:00.000","-9999","NA","1"
"10005","Cantù - Via Meucci","2025-03-04T00:00:00.000","80.9","VA","1"
"10005","Cantù - Via Meucci","2025-03-05T00:00:00.000","81.2","VA","1"
"10005","Cantù - Via Meucci","2025-03-06T00:00:00.000","69.8","VA","1"
"10005","Cantù - Via Meucci","2025-03-07T00:00:00.000","69.7","VA","1"
"10005","Cantù - Via Meucci","2025-03-08T00:00:00.000","76.8","VA","1"
"10005","Cantù - Via Meucci","2025-03-09T00:00:00.000","80.4","VA","1"
"10005","Cantù - Via Meucci","2025-03-10T00:00:00.000","82.3","VA","1"
"10005","Cantù - Via Meucci","2025-03-11T00:00:00.000","66.6","VA","1"
"10005","Cantù - Via Meucci","2025-03-12T00:00:00.000","76.5","VA","1"
"10005","Cantù - Via Meucci","2025-03-13T00:00:00.000","69.4","VA","1"
"10005","Cantù - Via Meucci","2025-03-14T00:00:00.000","68.0","VA","1"
"10005","Cantù - Via Meucci","2025-03-15T00:00:00.000","73.7","VA","1"
"10005","Cantù - Via Meucci","2025-03-16T00:00:00.000","65.7","VA","1"
"10005","Cantù - Via Meucci","2025-03-17T00:00:00.000","70.4","VA","1"
"10005","Cantù - Via Meucci","2025-03-18T00:00:00.000","69.9","VA","1"
"10005","Cantù - Via Meucci","2025-03-19T00:00:00.000","75.7","VA","1"
"10005","Cantù - Via Meucci","2025-03-20T00:00:00.000","67.3","VA","1"
"10005","Cantù - Via Meucci","2025-03-21T00:00:00.000","73.1","VA","1"
"10005","Cantù - Via Meucci","2025-03-22T00:00:00.000","77.1","VA","1"
"10005","Cantù - Via Meucci","2025-03-23T00:00:00.000","76.7","VA","1"
"10005","Cantù - Via Meucci","2025-03-24T00:00:00.000","77.0","VA","1"
"10005","Cantù - Via Meucci","2025-03-25T00:00:00.000","76.3","VA","1"
"10005","Cantù - Via Meucci","2025-03-26T00:00:00.000","81.9","VA","1"
"10005","Cantù - Via Meucci","2025-03-27T00:00:00.000","69.9","VA","1"
"10005","Cantù - Via Meucci","2025-03-28T00:00:00.000","83.5","VA","1"
"10005","Cantù - Via Meucci","2025-03-29T00:00:00.000","74.7","VA","1"
"10005","Cantù - Via Meucci","2025-03-30T00:00:00.000","64.5","VA","1"
"10005","Cantù - Via Meucci","2025-03-31T00:00:00.000","82.3","VA","1"
"10005","Cantù - Via Meucci","2025-04-01T00:00:00.000","59.8","VA","1"
"10005","Cantù - Via Meucci","2025-04-02T00:00:00.000","46.8","VA","1"
"10005","Cantù - Via Meucci","2025-04-03T00:00:00.000","48.5","VA","1"
"10005","Cantù - Via Meucci","2025-04-04T00:00:00.000","57.2","VA","1"
"10005","Cantù - Via Meucci","2025-04-05T00:00:00.000","53.5","VA","1"
"10005","Cantù - Via Meucci","2025-04-06T00:00:00.000","45.5","VA","1"
"10005","Cantù - Via Meucci","2025-04-07T00:00:00.000","63.4","VA","1"
"10005","Cantù - Via Meucci","2025-04-08T00:00:00.000","45.2","VA","1"
"10005","Cantù - Via Meucci","2025-04-09T00:00:00.000","59.5","VA","1"
"10005","Cantù - Via Meucci","2025-04-10T00:00:00.000","55.5","VA","1"
"10005","Cantù - Via Meucci","2025-04-11T00:00:00.000","62.2","VA","1"
"10005","Cantù - Via Meucci","2025-04-12T00:00:00.000","51.7","VA","1"
"10005","Cantù - Via Meucci","2025-04-13T00:00:00.000","55.2","VA","1"
"10005","Cantù - Via Meucci","2025-04-14T00:00:00.000","49.3","VA","1"
"10005","Cantù - Via Meucci","2025-04-15T00:00:00.000","59.7","VA","1"
"10005","Cantù - Via Meucci","2025-04-16T00:00:00.000","-9999","NA","1"
"10005","Cantù - Via Meucci","2025-04-17T00:00:00.000","47.5","VA","1"
"10005","Cantù - Via Meucci","2025-04-18T00:00:00.000","45.2","VA","1"
"10005","Cantù - Via Meucci","2025-04-19T00:00:00.000","46.6","VA","1"
"10005","Cantù - Via Meucci","2025-04-20T00:00:00.000","46.6","VA","1"
"10005","Cantù - Via Meucci","2025-04-21T00:00:00.000","54.0","VA","1"
"10005","Cantù - Via Meucci","2025-04-22T00:00:00.000","44.1","VA","1"
"10005","Cantù - Via Meucci","2025-04-23T00:00:00.000","52.2","VA","1"
"10005","Cantù - Via Meucci","2025-04-24T00:00:00.000","48.2","VA","1"
"10005","Cantù - Via Meucci","2025-04-25T00:00:00.000","51.8","VA","1"
"10005","Cantù - Via Meucci","2025-04-26T00:00:00.000","56.6","VA","1"
"10005","Cantù - Via Meucci","2025-04-27T00:00:00.000","44.9","VA","1"
"10005","Cantù - Via Meucci","2025-04-28T00:00:00.000","55.7","VA","1"
"10005","Cantù - Via Meucci","2025-04-29T00:00:00.000","60.7","VA","1"
"10005","Cantù - Via Meucci","2025-04-30T00:00:00.000","-9999","NA","1"
"10005","Cantù - Via Meucci","2025-05-01T00:00:00.000","-9999","NA","1"
"10005","Cantù - Via Meucci","2025-05-02T00:00:00.000","39.4","VA","1"
"10005","Cantù - Via Meucci","2025-05-03T00:00:00.000","39.4","VA","1"
"10005","Cantù - Via Meucci","2025-05-04T00:00:00.000","31.1","VA","1"
"10005","Cantù - Via Meucci","2025-05-05T00:00:00.000","40.5","VA","1"
"10005","Cantù - Via Meucci","2025-05-06T00:00:00.000","24.8","VA","1"
"10005","Cantù - Via Meucci","2025-05-07T00:00:00.000","37.2","VA","1"
"10005","Cantù - Via Meucci","2025-05-08T00:00:00.000","33.1","VA","1"
"10005","Cantù - Via Meucci","2025-05-09T00:00:00.000","30.3","VA","1"
"10005","Cantù - Via Meucci","2025-05-10T00:00:00.000","30.4","VA","1"
"10005","Cantù - Via Meucci","2025-05-11T00:00:00.000","25.0","VA","1"
"10005","Cantù - Via Meucci","2025-05-12T00:00:00.000","39.1","VA","1"
"10005","Cantù - Via Meucci","2025-05-13T00:00:00.000","30.8","VA","1"
"10005","Cantù - Via Meucci","2025-05-14T00:00:00.000","34.6","VA","1"
"10005","Cantù - Via Meucci","2025-05-15T00:00:00.000","40.4","VA","1"
"10005","Cantù - Via Meucci","2025-05-16T00:00:00.000","34.8","VA","1"
"10005","Cantù - Via Meucci","2025-05-17T00:00:00.000","40.5","VA","1"
"10005","Cantù - Via Meucci","2025-05-18T00:00:00.000","30.9","VA","1"
"10005","Cantù - Via Meucci","2025-05-19T00:00:00.000","40.1","VA","1"
"10005","Cantù - Via Meucci","2025-05-20T00:00:00.000","32.8","VA","1"
"10005","Cantù - Via Meucci","2025-05-21T00:00:00.000","29.6","VA","1"
"10005","Cantù - Via Meucci","2025-05-22T00:00:00.000","25.3","VA","1"
"10005","Cantù - Via Meucci","2025-05-23T00:00:00.000","42.5","VA","1"
"10005","Cantù - Via Meucci","2025-05-24T00:00:00.000","26.2","VA","1"
"10005","Cantù - Via Meucci","2025-05-25T00:00:00.000","30.8","VA","1"
"10005","Cantù - Via Meucci","2025-05-26T00:00:00.000","26.4","VA","1"
"10005","Cantù - Via Meucci","2025-05-27T00:00:00.000","36.3","VA","1"
"10005","Cantù - Via Meucci","2025-05-28T00:00:00.000","35.1","VA","1"
"10005","Cantù - Via Meucci","2025-05-29T00:00:00.000","-9999","NA","1"
"10005","Cantù - Via Meucci","2025-05-30T00:00:00.000","40.0","VA","1"
"10005","Cantù - Via Meucci","2025-05-31T00:00:00.000","36.7","VA","1"
"10005","Cantù - Via Meucci","2025-06-01T00:00:00.000","19.1","VA","1"
"10005","Cantù - Via Meucci","2025-06-02T00:00:00.000","23.1","VA","1"
"10005","Cantù - Via Meucci","2025-06-03T00:00:00.000","23.8","VA","1"
"10005","Cantù - Via Meucci","2025-06-04T00:00:00.000","14.8","VA","1"
"10005","Cantù - Via Meucci","2025-06-05T00:00:00.000","12.0","VA","1"
"10005","Cantù - Via Meucci","2025-06-06T00:00:00.000","-9999","NA","1"
"10005","Cantù - Via Meucci","2025-06-07T00:00:00.000","24.4","VA","1"
"10005","Cantù - Via Meucci","2025-06-08T00:00:00.000","26.3","VA","1"
"10005","Cantù - Via Meucci","2025-06-09T00:00:00.000","25.8","VA","1"
"10005","Cantù - Via Meucci","2025-06-10T00:00:00.000","15.3","VA","1"
"10005","Cantù - Via Meucci","2025-06-11T00:00:00.000","22.9","VA","1"
"10005","Cantù - Via Meucci","2025-06-12T00:00:00.000","26.7","VA","1"
"10005","Cantù - Via Meucci","2025-06-13T00:00:00.000","17.2","VA","1"
"10005","Cantù - Via Meucci","2025-06-14T00:00:00.000","21.1","VA","1"
"10005","Cantù - Via Meucci","2025-06-15T00:00:00.000","17.5","VA","1"
"10005","Cantù - Via Meucci","2025-06-16T00:00:00.000","13.3","VA","1"
"10005","Cantù - Via Meucci","2025-06-17T00:00:00.000","26.1","VA","1"
"10005","Cantù - Via Meucci","2025-06-18T00:00:00.000","25.0","VA","1"
"10005","Cantù - Via Meucci","2025-06-19T00:00:00.000","12.0","VA","1"
"10005","Cantù - Via Meucci","2025-06-20T00:00:00.000","26.2","VA","1"
"10005","Cantù - Via Meucci","2025-06-21T00:00:00.000","12.5","VA","1"
"10005","Cantù - Via Meucci","2025-06-22T00:00:00.000","25.1","VA","1"
"10005","Cantù - Via Meucci","2025-06-23T00:00:00.000","-9999","NA","1"
"10005","Cantù - Via Meucci","2025-06-24T00:00:00.000","25.9","VA","1"
"10005","Cantù - Via Meucci","2025-06-25T00:00:00.000","12.0","VA","1"
"10005","Cantù - Via Meucci","2025-06-26T00:00:00.000","16.7","VA","1"
"10005","Cantù - Via Meucci","2025-06-27T00:00:00.000","15.4","VA","1"
"10005","Cantù - Via Meucci","2025-06-28T00:00:00.000","18.8","VA","1"
"10005","Cantù - Via Meucci","2025-06-29T00:00:00.000","12.0","VA","1"
"10005","Cantù - Via Meucci","2025-06-30T00:00:00.000","18.4","VA","1"
"10005","Cantù - Via Meucci","2025-07-01T00:00:00.000","12.0","VA","1"
"10005","Cantù - Via Meucci","2025-07-02T00:00:00.000","12.0","VA","1"
"10005","Cantù - Via Meucci","2025-07-03T00:00:00.000","17.5","VA","1"
"10005","Cantù - Via Meucci","2025-07-04T00:00:00.000","12.0","VA","1"
"10005","Cantù - Via Meucci","2025-07-05T00:00:00.000","15.5","VA","1"
"10005","Cantù - Via Meucci","2025-07-06T00:00:00.000","12.0","VA","1"
"10005","Cantù - Via Meucci","2025-07-07T00:00:00.000","12.0","VA","1"
"10005","Cantù - Via Meucci","2025-07-08T00:00:00.000","-9999","NA","1"
"10005","Cantù - Via Meucci","2025-07-09T00:00:00.000","12.0","VA","1"
"10005","Cantù - Via Meucci","2025-07-10T00:00:00.000","12.7","VA","1"
"10005","Cantù - Via Meucci","2025-07-11T00:00:00.000","13.2","VA","1"
"10005","Cantù - Via Meucci","2025-07-12T00:00:00.000","12.0","VA","1"
"10005","Cantù - Via Meucci","2025-07-13T00:00:00.000","16.1","VA","1"
"10005","Cantù - Via Meucci","2025-07-14T00:00:00.000","12.0","VA","1"
"10005","Cantù - Via Meucci","2025-07-15T00:00:00.000","13.5","VA","1"
"10005","Cantù - Via Meucci","2025-07-16T00:00:00.000","12.0","VA","1"
"10005","Cantù - Via Meucci","2025-07-17T00:00:00.000","12.0","VA","1"
"10005","Cantù - Via Meucci","2025-07-18T00:00:00.000","12.0","VA","1"
"10005","Cantù - Via Meucci","2025-07-19T00:00:00.000","12.0","VA","1"
"10005","Cantù - Via Meucci","2025-07-20T00:00:00.000","-9999","NA","1"
"10005","Cantù - Via Meucci","2025-07-21T00:00:00.000","17.5","VA","1"
"10005","Cantù - Via Meucci","2025-07-22T00:00:00.000","12.0","VA","1"
"10005","Cantù - Via Meucci","2025-07-23T00:00:00.000","12.9","VA","1"
"10005","Cantù - Via Meucci","2025-07-24T00:00:00.000","19.1","VA","1"
"10005","Cantù - Via Meucci","2025-07-25T00:00:00.000","16.3","VA","1"
"10005","Cantù - Via Meucci","2025-07-26T00:00:00.000","17.5","VA","1"
"10005","Cantù - Via Meucci","2025-07-27T00:00:00.000","21.8","VA","1"
"10005","Cantù - Via Meucci","2025-07-28T00:00:00.000","13.0","VA","1"
"10005","Cantù - Via Meucci","2025-07-29T00:00:00.000","12.0","VA","1"
"10005","Cantù - Via Meucci","2025-07-30T00:00:00.000","12.0","VA","1"
"10005","Cantù - Via Meucci","2025-07-31T00:00:00.000","12.0","VA","1"
"10005","Cantù - Via Meucci","2025-08-01T00:00:00.000","12.0","VA","1"
"10005","Cantù - Via Meucci","2025-08-02T00:00:00.000","23.3","VA","1"
"10005","Cantù - Via Meucci","2025-08-03T00:00:00.000","14.8","VA","1"
"10005","Cantù - Via Meucci","2025-08-04T00:00:00.000","12.0","VA","1"
"10005","Cantù - Via Meucci","2025-08-05T00:00:00.000","12.0","VA","1"
"10005","Cantù - Via Meucci","2025-08-06T00:00:00.000","16.3","VA","1"
"10005","Cantù - Via Meucci","2025-08-07T00:00:00.000","22.2","VA","1"
"10005","Cantù - Via Meucci","2025-08-08T00:00:00.000","17.5","VA","1"
"10005","Cantù - Via Meucci","2025-08-09T00:00:00.000","16.0","VA","1"
"10005","Cantù - Via Meucci","2025-08-10T00:00:00.000","19.4","VA","1"
"10005","Cantù - Via Meucci","2025-08-11T00:00:00.000","12.3","VA","1"
"10005","Cantù - Via Meucci","2025-08-12T00:00:00.000","17.0","VA","1"
"10005","Cantù - Via Meucci","2025-08-13T00:00:00.000","12.1","VA","1"
"10005","Cantù - Via Meucci","2025-08-14T00:00:00.000","15.8","VA","1"
"10005","Cantù - Via Meucci","2025-08-15T00:00:00.000","15.7","VA","1"
"10005","Cantù - Via Meucci","2025-08-16T00:00:00.000","25.2","VA","1"
"10005","Cantù - Via Meucci","2025-08-17T00:00:00.000","18.2","VA","1"
"10005","Cantù - Via Meucci","2025-08-18T00:00:00.000","-9999","NA","1"
"10005","Cantù - Via Meucci","2025-08-19T00:00:00.000","13.7","VA","1"
"10005","Cantù - Via Meucci","2025-08-20T00:00:00.000","18.0","VA","1"
"10005","Cantù - Via Meucci","2025-08-21T00:00:00.000","12.6","VA","1"
"10005","Cantù - Via Meucci","2025-08-22T00:00:00.000","17.3","VA","1"
"10005","Cantù - Via Meucci","2025-08-23T00:00:00.000","12.4","VA","1"
"10005","Cantù - Via Meucci","2025-08-24T00:00:00.000","25.8","VA","1"
"10005","Cantù - Via Meucci","2025-08-25T00:00:00.000","20.6","VA","1"
"10005","Cantù - Via Meucci","2025-08-26T00:00:00.000","12.0","VA","1"
"10005","Cantù - Via Meucci","2025-08-27T00:00:00.000","26.9","VA","1"
"10005","Cantù - Via Meucci","2025-08-28T00:00:00.000","19.2","VA","1"
"10005","Cantù - Via Meucci","2025-08-29T00:00:00.000","18.2","VA","1"
"10005","Cantù - Via Meucci","2025-08-30T00:00:00.000","23.5","VA","1"
"10005","Cantù - Via Meucci","2025-08-31T00:00:00.000","27.5","VA","1"
"10005","Cantù - Via Meucci","2025-09-01T00:00:00.000","31.8","VA","1"
"10005","Cantù - Via Meucci","2025-09-02T00:00:00.000","27.3","VA","1"
"10005","Cantù - Via Meucci","2025-09-03T00:00:00.000","29.6","VA","1"
"10005","Cantù - Via Meucci","2025-09-04T00:00:00.000","40.9","VA","1"
"10005","Cantù - Via Meucci","2025-09-05T00:00:00.000","23.5","VA","1"
"10005","Cantù - Via Meucci","2025-09-06T00:00:00.000","28.8","VA","1"
"10005","Cantù - Via Meucci","2025-09-07T00:00:00.000","35.6","VA","1"
"10005","Cantù - Via Meucci","2025-09-08T00:00:00.000","27.8","VA","1"
"10005","Cantù - Via Meucci","2025-09-09T00:00:00.000","34.5","VA","1"
"10005","Cantù - Via Meucci","2025-09-10T00:00:00.000","-9999","NA","1"
"10005","Cantù - Via Meucci","2025-09-11T00:00:00.000","23.2","VA","1"
"10005","Cantù - Via Meucci","2025-09-12T00:00:00.000","22.9","VA","1"
"10005","Cantù - Via Meucci","2025-09-13T00:00:00.000","33.3","VA","1"
"10005","Cantù - Via Meucci","2025-09-14T00:00:00.000","24.9","VA","1"
"10005","Cantù - Via Meucci","2025-09-15T00:00:00.000","24.2","VA","1"
"10005","Cantù - Via Meucci","2025-09-16T00:00:00.000","24.1","VA","1"
"10005","Cantù - Via Meucci","2025-09-17T00:00:00.000","27.9","VA","1"
"10005","Cantù - Via Meucci","2025-09-18T00:00:00.000","41.4","VA","1"
"10005","Cantù - Via Meucci","2025-09-19T00:00:00.000","42.5","VA","1"
"10005","Cantù - Via Meucci","2025-09-20T00:00:00.000","38.1","VA","1"
"10005","Cantù - Via Meucci","2025-09-21T00:00:00.000","41.6","VA","1"
"10005","Cantù - Via Meucci","2025-09-22T00:00:00.000","38.6","VA","1"
"10005","Cantù - Via Meucci","2025-09-23T00:00:00.000","28.6","VA","1"
"10005","Cantù - Via Meucci","2025-09-24T00:00:00.000","24.7","VA","1"
"10005","Cantù - Via Meucci","2025-09-25T00:00:00.000","23.2","VA","1"
"10005","Cantù - Via Meucci","2025-09-26T00:00:00.000","38.6","VA","1"
"10005","Cantù - Via Meucci","2025-09-27T00:00:00.000","22.9","VA","1"
"10005","Cantù - Via Meucci","2025-09-28T00:00:00.000","37.8","VA","1"
"10005","Cantù - Via Meucci","2025-09-29T00:00:00.000","27.3","VA","1"
"10005","Cantù - Via Meucci","2025-09-30T00:00:00.000","41.7","VA","1"
"10005","Cantù - Via Meucci","2025-10-01T00:00:00.000","55.2","VA","1"
"10005","Cantù - Via Meucci","2025-10-02T00:00:00.000","57.2","VA","1"
"10005","Cantù - Via Meucci","2025-10-03T00:00:00.000","55.5","VA","1"
"10005","Cantù - Via Meucci","2025-10-04T00:00:00.000","48.7","VA","1"
"10005","Cantù - Via Meucci","2025-10-05T00:00:00.000","47.8","VA","1"
"10005","Cantù - Via Meucci","2025-10-06T00:00:00.000","59.5","VA","1"
"10005","Cantù - Via Meucci","2025-10-07T00:00:00.000","49.7","VA","1"
"10005","Cantù - Via Meucci","2025-10-08T00:00:00.000","58.6","VA","1"
"10005","Cantù - Via Meucci","2025-10-09T00:00:00.000","55.8","VA","1"
"10005","Cantù - Via Meucci","2025-10-10T00:00:00.000","54.1","VA","1"
"10005","Cantù - Via Meucci","2025-10-11T00:00:00.000","43.8","VA","1"
"10005","Cantù - Via Meucci","2025-10-12T00:00:00.000","49.0","VA","1"
"10005","Cantù - Via Meucci","2025-10-13T00:00:00.000","44.4","VA","1"
"10005","Cantù - Via Meucci","2025-10-14T00:00:00.000","54.3","VA","1"
"10005","Cantù - Via Meucci","2025-10-15T00:00:00.000","63.1","VA","1"
"10005","Cantù - Via Meucci","2025-10-16T00:00:00.000","45.8","VA","1"
"10005","Cantù - Via Meucci","2025-10-17T00:00:00.000","-9999","NA","1"
"10005","Cantù - Via Meucci","2025-10-18T00:00:00.000","61.3","VA","1"
"10005","Cantù - Via Meucci","2025-10-19T00:00:00.000","45.2","VA","1"
"10005","Cantù - Via Meucci","2025-10-20T00:00:00.000","56.0","VA","1"
"10005","Cantù - Via Meucci","2025-10-21T00:00:00.000","50.9","VA","1"
"10005","Cantù - Via Meucci","2025-10-22T00:00:00.000","54.4","VA","1"
"10005","Cantù - Via Meucci","2025-10-23T00:00:00.000","45.3","VA","1"
"10005","Cantù - Via Meucci","2025-10-24T00:00:00.000","59.1","VA","1"
"10005","Cantù - Via Meucci","2025-10-25T00:00:00.000","44.8","VA","1"
"10005","Cantù - Via Meucci","2025-10-26T00:00:00.000","61.5","VA","1"
"10005","Cantù - Via Meucci","2025-10-27T00:00:00.000","58.7","VA","1"
"10005","Cantù - Via Meucci","2025-10-28T00:00:00.000","59.1","VA","1"
"10005","Cantù - Via Meucci","2025-10-29T00:00:00.000","-9999","NA","1"
"10005","Cantù - Via Meucci","2025-10-30T00:00:00.000","52.8","VA","1"
"10005","Cantù - Via Meucci","2025-10-31T00:00:00.000","60.4","VA","1"
"10005","Cantù - Via Meucci","2025-11-01T00:00:00.000","84.0","VA","1"
"10005","Cantù - Via Meucci","2025-11-02T00:00:00.000","78.3","VA","1"
"10005","Cantù - Via Meucci","2025-11-03T00:00:00.000","78.9","VA","1"
"10005","Cantù - Via Meucci","2025-11-04T00:00:00.000","78.9","VA","1"
"10005","Cantù - Via Meucci","2025-11-05T00:00:00.000","82.1","VA","1"
"10005","Cantù - Via Meucci","2025-11-06T00:00:00.000","67.8","VA","1"
"10005","Cantù - Via Meucci","2025-11-07T00:00:00.000","74.7","VA","1"
"10005","Cantù - Via Meucci","2025-11-08T00:00:00.000","69.0","VA","1"
"10005","Cantù - Via Meucci","2025-11-09T00:00:00.000","71.8","VA","1"
"10005","Cantù - Via Meucci","2025-11-10T00:00:00.000","73.3","VA","1"
"10005","Cantù - Via Meucci","2025-11-11T00:00:00.000","66.4","VA","1"
"10005","Cantù - Via Meucci","2025-11-12T00:00:00.000","74.0","VA","1"
"10005","Cantù - Via Meucci","2025-11-13T00:00:00.000","82.6","VA","1"
"10005","Cantù - Via Meucci","2025-11-14T00:00:00.000","83.5","VA","1"
"10005","Cantù - Via Meucci","2025-11-15T00:00:00.000","77.6","VA","1"
"10005","Cantù - Via Meucci","2025-11-16T00:00:00.000","83.4","VA","1"
"10005","Cantù - Via Meucci","2025-11-17T00:00:00.000","80.8","VA","1"
"10005","Cantù - Via Meucci","2025-11-18T00:00:00.000","83.7","VA","1"
"10005","Cantù - Via Meucci","2025-11-19T00:00:00.000","72.2","VA","1"
"10005","Cantù - Via Meucci","2025-11-20T00:00:00.000","64.7","VA","1"
"10005","Cantù - Via Meucci","2025-11-21T00:00:00.000","67.2","VA","1"
"10005","Cantù - Via Meucci","2025-11-22T00:00:00.000","69.5","VA","1"
"10005","Cantù - Via Meucci","2025-11-23T00:00:00.000","76.1","VA","1"
"10005","Cantù - Via Meucci","2025-11-24T00:00:00.000","70.8","VA","1"
"10005","Cantù - Via Meucci","2025-11-25T00:00:00.000","81.2","VA","1"
"10005","Cantù - Via Meucci","2025-11-26T00:00:00.000","70.0","VA","1"
"10005","Cantù - Via Meucci","2025-11-27T00:00:00.000","66.2","VA","1"
"10005","Cantù - Via Meucci","2025-11-28T00:00:00.000","67.1","VA","1"
"10005","Cantù - Via Meucci","2025-11-29T00:00:00.000","70.7","VA","1"
"10005","Cantù - Via Meucci","2025-11-30T00:00:00.000","76.3","VA","1"
"10005","Cantù - Via Meucci","2025-12-01T00:00:00.000","92.1","VA","1"
"10005","Cantù - Via Meucci","2025-12-02T00:00:00.000","83.9","VA","1"
"10005","Cantù - Via Meucci","2025-12-03T00:00:00.000","82.8","VA","1"
"10005","Cantù - Via Meucci","2025-12-04T00:00:00.000","92.0","VA","1"
"10005","Cantù - Via Meucci","2025-12-05T00:00:00.000","95.0","VA","1"
"10005","Cantù - Via Meucci","2025-12-06T00:00:00.000","86.9","VA","1"
"10005","Cantù - Via Meucci","2025-12-07T00:00:00.000","90.5","VA","1"
"10005","Cantù - Via Meucci","2025-12-08T00:00:00.000","95.0","VA","1"
"10005","Cantù - Via Meucci","2025-12-09T00:00:00.000","80.8","VA","1"
"10005","Cantù - Via Meucci","2025-12-10T00:00:00.000","80.8","VA","1"
"10005","Cantù - Via Meucci","2025-12-11T00:00:00.000","95.0","VA","1"
"10005","Cantù - Via Meucci","2025-12-12T00:00:00.000","95.0","VA","1"
"10005","Cantù - Via Meucci","2025-12-13T00:00:00.000","95.0","VA","1"
"10005","Cantù - Via Meucci","2025-12-14T00:00:00.000","81.8","VA","1"
"10005","Cantù - Via Meucci","2025-12-15T00:00:00.000","92.6","VA","1"
"10005","Cantù - Via Meucci","2025-12-16T00:00:00.000","86.2","VA","1"
"10005","Cantù - Via Meucci","2025-12-17T00:00:00.000","92.4","VA","1"
"10005","Cantù - Via Meucci","2025-12-18T00:00:00.000","81.4","VA","1"
"10005","Cantù - Via Meucci","2025-12-19T00:00:00.000","84.1","VA","1"
"10005","Cantù - Via Meucci","2025-12-20T00:00:00.000","95.0","VA","1"
"10005","Cantù - Via Meucci","2025-12-21T00:00:00.000","85.5","VA","1"
"10005","Cantù - Via Meucci","2025-12-22T00:00:00.000","91.6","VA","1"
"10005","Cantù - Via Meucci","2025-12-23T00:00:00.000","86.0","VA","1"
"10005","Cantù - Via Meucci","2025-12-24T00:00:00.000","92.2","VA","1"
"10005","Cantù - Via Meucci","2025-12-25T00:00:00.000","95.0","VA","1"
"10005","Cantù - Via Meucci","2025-12-26T00:00:00.000","91.5","VA","1"
"10005","Cantù - Via Meucci","2025-12-27T00:00:00.000","82.9","VA","1"
"10005","Cantù - Via Meucci","2025-12-28T00:00:00.000","94.6","VA","1"
"10005","Cantù - Via Meucci","2025-12-29T00:00:00.000","95.0","VA","1"
"10005","Cantù - Via Meucci","2025-12-30T00:00:00.000","88.6","VA","1"
"10005","Cantù - Via Meucci","2025-12-31T00:00:00.000","90.3","VA","1"
"10006","Cantù - Via Meucci","2025-01-01T00:00:00.000","60.4","VA","1"
"10006","Cantù - Via Meucci","2025-01-02T00:00:00.000","72.0","VA","1"
"10006","Cantù - Via Meucci","2025-01-03T00:00:00.000","64.2","VA","1"
"10006","Cantù - Via Meucci","2025-01-04T00:00:00.000","60.2","VA","1"
"10006","Cantù - Via Meucci","2025-01-05T00:00:00.000","70.9","VA","1"
"10006","Cantù - Via Meucci","2025-01-06T00:00:00.000","72.0","VA","1"
"10006","Cantù - Via Meucci","2025-01-07T00:00:00.000","65.2","VA","1"
"10006","Cantù - Via Meucci","2025-01-08T00:00:00.000","65.4","VA","1"
"10006","Cantù - Via Meucci","2025-01-09T00:00:00.000","64.8","VA","1"
"10006","Cantù - Via Meucci","2025-01-10T00:00:00.000","65.9","VA","1"
"10006","Cantù - Via Meucci","2025-01-11T00:00:00.000","62.1","VA","1"
"10006","Cantù - Via Meucci","2025-01-12T00:00:00.000","65.0","VA","1"
"10006","Cantù - Via Meucci","2025-01-13T00:00:00.000","72.0","VA","1"
"10006","Cantù - Via Meucci","2025-01-14T00:00:00.000","67.9","VA","1"
"10006","Cantù - Via Meucci","2025-01-15T00:00:00.000","71.4","VA","1"
"10006","Cantù - Via Meucci","2025-01-16T00:00:00.000","69.2","VA","1"
"10006","Cantù - Via Meucci","2025-01-17T00:00:00.000","72.0","VA","1"
"10006","Cantù - Via Meucci","2025-01-18T00:00:00.000","61.9","VA","1"
"10006","Cantù - Via Meucci","2025-01-19T00:00:00.000","66.9","VA","1"
"10006","Cantù - Via Meucci","2025-01-20T00:00:00.000","67.5","VA","1"
"10006","Cantù - Via Meucci","2025-01-21T00:00:00.000","65.0","VA","1"
"10006","Cantù - Via Meucci","2025-01-22T00:00:00.000","68.4","VA","1"
"10006","Cantù - Via Meucci","2025-01-23T00:00:00.000","72.0","VA","1"
"10006","Cantù - Via Meucci","2025-01-24T00:00:00.000","60.8","VA","1"
"10006","Cantù - Via Meucci","2025-01-25T00:00:00.000","69.5","VA","1"
"10006","Cantù - Via Meucci","2025-01-26T00:00:00.000","69.0","VA","1"
"10006","Cantù - Via Meucci","2025-01-27T00:00:00.000","64.8","VA","1"
"10006","Cantù - Via Meucci","2025-01-28T00:00:00.000","65.5","VA","1"
"10006","Cantù - Via Meucci","2025-01-29T00:00:00.000","72.0","VA","1"
"10006","Cantù - Via Meucci","2025-01-30T00:00:00.000","62.1","VA","1"
"10006","Cantù - Via Meucci","2025-01-31T00:00:00.000","67.7","VA","1"
"10006","Cantù - Via Meucci","2025-02-01T00:00:00.000","58.7","VA","1"
"10006","Cantù - Via Meucci","2025-02-02T00:00:00.000","57.4","VA","1"
"10006","Cantù - Via Meucci","2025-02-03T00:00:00.000","63.4","VA","1"
"10006","Cantù - Via Meucci","2025-02-04T00:00:00.000","49.3","VA","1"
"10006","Cantù - Via Meucci","2025-02-05T00:00:00.000","57.0","VA","1"
"10006","Cantù - Via Meucci","2025-02-06T00:00:00.000","55.8","VA","1"
"10006","Cantù - Via Meucci","2025-02-07T00:00:00.000","61.8","VA","1"
"10006","Cantù - Via Meucci","2025-02-08T00:00:00.000","53.0","VA","1"
"10006","Cantù - Via Meucci","2025-02-09T00:00:00.000","-9999","NA","1"
"10006","Cantù - Via Meucci","2025-02-10T00:00:00.000","-9999","NA","1"
"10006","Cantù - Via Meucci","2025-02-11T00:00:00.000","62.2","VA","1"
"10006","Cantù - Via Meucci","2025-02-12T00:00:00.000","54.1","VA","1"
"10006","Cantù - Via Meucci","2025-02-13T00:00:00.000","51.7","VA","1"
"10006","Cantù - Via Meucci","2025-02-14T00:00:00.000","59.9","VA","1"
"10006","Cantù - Via Meucci","2025-02-15T00:00:00.000","49.4","VA","1"
"10006","Cantù - Via Meucci","2025-02-16T00:00:00.000","48.7","VA","1"
"10006","Cantù - Via Meucci","2025-02-17T00:00:00.000","49.9","VA","1"
"10006","Cantù - Via Meucci","2025-02-18T00:00:00.000","62.2","VA","1"
"10006","Cantù - Via Meucci","2025-02-19T00:00:00.000","62.9","VA","1"
"10006","Cantù - Via Meucci","2025-02-20T00:00:00.000","58.7","VA","1"
"10006","Cantù - Via Meucci","2025-02-21T00:00:00.000","52.3"
"10006","Cantù - Via Meucci","2025-02-22T00:00:00.000","-9999","NA","1"
"10006","Cantù - Via Meucci","2025-02-23T00:00:00.000","53.1","VA","1"
"10006","Cantù - Via Meucci","2025-02-24T00:00:00.000","59.5","VA","1"
"10006","Cantù - Via Meucci","2025-02-25T00:00:00.000","57.4","VA","1"
"10006","Cantù - Via Meucci","2025-02-26T00:00:00.000","49.7","VA","1"
"10006","Cantù - Via Meucci","2025-02-27T00:00:00.000","59.5","VA","1"
"10006","Cantù - Via Meucci","2025-02-28T00:00:00.000","61.4","VA","1"
"10006","Cantù - Via Meucci","2025-03-01T00:00:00.000","44.6","VA","1"
"10006","Cantù - Via Meucci","2025-03-02T00:00:00.000","39.2","VA","1"
"10006","Cantù - Via Meucci","2025-03-03T00:00:00.000","39.3","VA","1"
"10006","Cantù - Via Meucci","2025-03-04T00:00:00.000","-9999","NA","1"
"10006","Cantù - Via Meucci","2025-03-05T00:00:00.000","34.8","VA","1"
"10006","Cantù - Via Meucci","2025-03-06T00:00:00.000","45.7","VA","1"
"10006","Cantù - Via Meucci","2025-03-07T00:00:00.000","-9999","NA","1"
"10006","Cantù - Via Meucci","2025-03-08T00:00:00.000","34.6","VA","1"
"10006","Cantù - Via Meucci","2025-03-09T00:00:00.000","41.0","VA","1"
"10006","Cantù - Via Meucci","2025-03-10T00:00:00.000","33.6","VA","1"
"10006","Cantù - Via Meucci","2025-03-11T00:00:00.000","46.5","VA","1"
"10006","Cantù - Via Meucci","2025-03-12T00:00:00.000","46.7","VA","1"
"10006","Cantù - Via Meucci","2025-03-13T00:00:00.000","45.1","VA","1"
"10006","Cantù - Via Meucci","2025-03-14T00:00:00.000","35.7","VA","1"
"10006","Cantù - Via Meucci","2025-03-15T00:00:00.000","34.3","VA","1"
"10006","Cantù - Via Meucci","2025-03-16T00:00:00.000","47.1","VA","1"
"10006","Cantù - Via Meucci","2025-03-17T00:00:00.000","33.5","VA","1"
"10006","Cantù - Via Meucci","2025-03-18T00:00:00.000","-9999","NA","1"
"10006","Cantù - Via Meucci","2025-03-19T00:00:00.000","38.7","VA","1"
"10006","Cantù - Via Meucci","2025-03-20T00:00:00.000","32.7","VA","1"
"10006","Cantù - Via Meucci","2025-03-21T00:00:00.000","35.4","VA","1"
"10006","Cantù - Via Meucci","2025-03-22T00:00:00.000","35.4","VA","1"
"10006","Cantù - Via Meucci","2025-03-23T00:00:00.000","42.1","VA","1"
"10006","Cantù - Via Meucci","2025-03-24T00:00:00.000","39.3","VA","1"
"10006","Cantù - Via Meucci","2025-03-25T00:00:00.000","46.6","VA","1"
"10006","Cantù - Via Meucci","2025-03-26T00:00:00.000","39.3","VA","1"
"10006","Cantù - Via Meucci","2025-03-27T00:00:00.000","39.4","VA","1"
"10006","Cantù - Via Meucci","2025-03-28T00:00:00.000","34.8","VA","1"
"10006","Cantù - Via Meucci","2025-03-29T00:00:00.000","43.2","VA","1"
"10006","Cantù - Via Meucci","2025-03-30T00:00:00.000","43.3","VA","1"
"10006","Cantù - Via Meucci","2025-03-31T00:00:00.000","42.0","VA","1"
"10006","Cantù - Via Meucci","2025-04-01T00:00:00.000","24.0","VA","1"
"10006","Cantù - Via Meucci","2025-04-02T00:00:00.000","23.4","VA","1"
"10006","Cantù - Via Meucci","2025-04-03T00:00:00.000","28.2","VA","1"
"10006","Cantù - Via Meucci","2025-04-04T00:00:00.000","20.6","VA","1"
"10006","Cantù - Via Meucci","2025-04-05T00:00:00.000","17.2","VA","1"
"10006","Cantù - Via Meucci","2025-04-06T00:00:00.000","18.0","VA","1"
"10006","Cantù - Via Meucci","2025-04-07T00:00:00.000","26.9","VA","1"
"10006","Cantù - Via Meucci","2025-04-08T00:00:00.000","24.6","VA","1"
"10006","Cantù - Via Meucci","2025-04-09T00:00:00.000","29.2","VA","1"
"10006","Cantù - Via Meucci","2025-04-10T00:00:00.000","30.8","VA","1"
"10006","Cantù - Via Meucci","2025-04-11T00:00:00.000","19.0","VA","1"
"10006","Cantù - Via Meucci","2025-04-12T00:00:00.000","23.9","VA","1"
"10006","Cantù - Via Meucci","2025-04-13T00:00:00.000","18.0","VA","1"
"10006","Cantù - Via Meucci","2025-04-14T00:00:00.000","16.7","VA","1"
"10006","Cantù - Via Meucci","2025-04-15T00:00:00.000","26.3","VA","1"
"10006","Cantù - Via Meucci","2025-04-16T00:00:00.000","29.9","VA","1"
"10006","Cantù - Via Meucci","2025-04-17T00:00:00.000","17.1","VA","1"
"10006","Cantù - Via Meucci","2025-04-18T00:00:00.000","24.0","VA","1"
"10006","Cantù - Via Meucci","2025-04-19T00:00:00.000","22.8","VA","1"
"10006","Cantù - Via Meucci","2025-04-20T00:00:00.000","30.1","VA","1"
"10006","Cantù - Via Meucci","2025-04-21T00:00:00.000","31.0","VA","1"
"10006","Cantù - Via Meucci","2025-04-22T00:00:00.000","23.7","VA","1"
"10006","Cantù - Via Meucci","2025-04-23T00:00:00.000","22.6","VA","1"
"10006","Cantù - Via Meucci","2025-04-24T00:00:00.000","19.2","VA","1"
"10006","Cantù - Via Meucci","2025-04-25T00:00:00.000","20.8","VA","1"
"10006","Cantù - Via Meucci","2025-04-26T00:00:00.000","18.7","VA","1"
"10006","Cantù - Via Meucci","2025-04-27T00:00:00.000","25.4","VA","1"
"10006","Cantù - Via Meucci","2025-04-28T00:00:00.000","22.0","VA","1"
"10006","Cantù - Via Meucci","2025-04-29T00:00:00.000","28.7","VA","1"
"10006","Cantù - Via Meucci","2025-04-30T00:00:00.000","23.7","VA","1"
"10006","Cantù - Via Meucci","2025-05-01T00:00:00.000","18.0","VA","1"
"10006","Cantù - Via Meucci","2025-05-02T00:00:00.000","14.4","VA","1"
"10006","Cantù - Via Meucci","2025-05-03T00:00:00.000","12.1","VA","1"
"10006","Cantù - Via Meucci","2025-05-04T00:00:00.000","14.4","VA","1"
"10006","Cantù - Via Meucci","2025-05-05T00:00:00.000","11.7","VA","1"
"10006","Cantù - Via Meucci","2025-05-06T00:00:00.000","8.8","VA","1"
"10006","Cantù - Via Meucci","2025-05-07T00:00:00.000","-9999","NA","1"
"10006","Cantù - Via Meucci","2025-05-08T00:00:00.000","8.7","VA","1"
"10006","Cantù - Via Meucci","2025-05-09T00:00:00.000","12.2","VA","1"
"10006","Cantù - Via Meucci","2025-05-10T00:00:00.000","10.6","VA","1"
"10006","Cantù - Via Meucci","2025-05-11T00:00:00.000","16.3","VA","1"
"10006","Cantù - Via Meucci","2025-05-12T00:00:00.000","8.0","VA","1"
"10006","Cantù - Via Meucci","2025-05-13T00:00:00.000","12.5","VA","1"
"10006","Cantù - Via Meucci","2025-05-14T00:00:00.000","8.0","VA","1"
"10006","Cantù - Via Meucci","2025-05-15T00:00:00.000","12.1","VA","1"
"10006","Cantù - Via Meucci","2025-05-16T00:00:00.000","-9999","NA","1"
"10006","Cantù - Via Meucci","2025-05-17T00:00:00.000","12.0","VA","1"
"10006","Cantù - Via Meucci","2025-05-18T00:00:00.000","12.7","VA","1"
"10006","Cantù - Via Meucci","2025-05-19T00:00:00.000","11.5","VA","1"
"10006","Cantù - Via Meucci","2025-05-20T00:00:00.000","14.0","VA","1"
"10006","Cantù - Via Meucci","2025-05-21T00:00:00.000","19.1","VA","1"
"10006","Cantù - Via Meucci","2025-05-22T00:00:00.000","8.0","VA","1"
"10006","Cantù - Via Meucci","2025-05-23T00:00:00.000","8.0","VA","1"
"10006","Cantù - Via Meucci","2025-05-24T00:00:00.000","13.8","VA","1"
"10006","Cantù - Via Meucci","2025-05-25T00:00:00.000","15.5","VA","1"
"10006","Cantù - Via Meucci","2025-05-26T00:00:00.000","8.0","VA","1"
"10006","Cantù - Via Meucci","2025-05-27T00:00:00.000","8.0","VA","1"
"10006","Cantù - Via Meucci","2025-05-28T00:00:00.000","8.0","VA","1"
"10006","Cantù - Via Meucci","2025-05-29T00:00:00.000","14.4","VA","1"
"10006","Cantù - Via Meucci","2025-05-30T00:00:00.000","8.0","VA","1"
"10006","Cantù - Via Meucci","2025-05-31T00:00:00.000","8.0","VA","1"
"10006","Cantù - Via Meucci","2025-06-01T00:00:00.000","11.2","VA","1"
"10006","Cantù - Via Meucci","2025-06-02T00:00:00.000","8.0","VA","1"
"10006","Cantù - Via Meucci","2025-06-03T00:00:00.000","8.0","VA","1"
"10006","Cantù - Via Meucci","2025-06-04T00:00:00.000","8.0","VA","1"
"10006","Cantù - Via Meucci","2025-06-05T00:00:00.000","14.0","VA","1"
"10006","Cantù - Via Meucci","2025-06-06T00:00:00.000","-9999","NA","1"
"10006","Cantù - Via Meucci","2025-06-07T00:00:00.000","12.4","VA","1"
"10006","Cantù - Via Meucci","2025-06-08T00:00:00.000","9.9","VA","1"
"10006","Cantù - Via Meucci","2025-06-09T00:00:00.000","8.0","VA","1"
"10006","Cantù - Via Meucci","2025-06-10T00:00:00.000","11.9","VA","1"
"10006","Cantù - Via Meucci","2025-06-11T00:00:00.000","8.0","VA","1"
"10006","Cantù - Via Meucci","2025-06-12T00:00:00.000","8.0","VA","1"
"10006","Cantù - Via Meucci","2025-06-13T00:00:00.000","13.5","VA","1"
"10006","Cantù - Via Meucci","2025-06-14T00:00:00.000","8.0","VA","1"
"10006","Cantù - Via Meucci","2025-06-15T00:00:00.000","8.0","VA","1"
"10006","Cantù - Via Meucci","2025-06-16T00:00:00.000","8.0","VA","1"
"10006","Cantù - Via Meucci","2025-06-17T00:00:00.000","9.1","VA","1"
"10006","Cantù - Via Meucci","2025-06-18T00:00:00.000","9.5","VA","1"
"10006","Cantù - Via Meucci","2025-06-19T00:00:00.000","8.0","VA","1"
"10006","Cantù - Via Meucci","2025-06-20T00:00:00.000","15.0","VA","1"
"10006","Cantù - Via Meucci","2025-06-21T00:00:00.000","8.0","VA","1"
"10006","Cantù - Via Meucci","2025-06-22T00:00:00.000","13.9","VA","1"
"10006","Cantù - Via Meucci","2025-06-23T00:00:00.000","8.0","VA","1"
"10006","Cantù - Via Meucci","2025-06-24T00:00:00.000","11.9","VA","1"
"10006","Cantù - Via Meucci","2025-06-25T00:00:00.000","8.0","VA","1"
"10006","Cantù - Via Meucci","2025-06-26T00:00:00.000","13.3","VA","1"
"10006","Cantù - Via Meucci","2025-06-27T00:00:00.000","10.1","VA","1"
"10006","Cantù - Via Meucci","2025-06-28T00:00:00.000","10.3","VA","1"
"10006","Cantù - Via Meucci","2025-06-29T00:00:00.000","8.0","VA","1"
"10006","Cantù - Via Meucci","2025-06-30T00:00:00.000","10.3","VA","1"
"10006","Cantù - Via Meucci","2025-07-01T00:00:00.000","-9999","NA","1"
"10006","Cantù - Via Meucci","2025-07-02T00:00:00.000","17.6","VA","1"
"10006","Cantù - Via Meucci","2025-07-03T00:00:00.000","14.9","VA","1"
"10006","Cantù - Via Meucci","2025-07-04T00:00:00.000","8.0","VA","1"
"10006","Cantù - Via Meucci","2025-07-05T00:00:00.000","19.2","VA","1"
"10006","Cantù - Via Meucci","2025-07-06T00:00:00.000","8.0","VA","1"
"10006","Cantù - Via Meucci","2025-07-07T00:00:00.000","9.3","VA","1"
"10006","Cantù - Via Meucci","2025-07-08T00:00:00.000","15.1","VA","1"
"10006","Cantù - Via Meucci","2025-07-09T00:00:00.000","19.8","VA","1"
"10006","Cantù - Via Meucci","2025-07-10T00:00:00.000","-9999","NA","1"
"10006","Cantù - Via Meucci","2025-07-11T00:00:00.000","12.6","VA","1"
"10006","Cantù - Via Meucci","2025-07-12T00:00:00.000","18.0","VA","1"
"10006","Cantù - Via Meucci","2025-07-13T00:00:00.000","14.5","VA","1"
"10006","Cantù - Via Meucci","2025-07-14T00:00:00.000","19.4","VA","1"
"10006","Cantù - Via Meucci","2025-07-15T00:00:00.000","12.4","VA","1"
"10006","Cantù - Via Meucci","2025-07-16T00:00:00.000","12.1","VA","1"
"10006","Cantù - Via Meucci","2025-07-17T00:00:00.000","8.0","VA","1"
"10006","Cantù - Via Meucci","2025-07-18T00:00:00.000","10.2","VA","1"
"10006","Cantù - Via Meucci","2025-07-19T00:00:00.000","11.4","VA","1"
"10006","Cantù - Via Meucci","2025-07-20T00:00:00.000","8.0","VA","1"
"10006","Cantù - Via Meucci","2025-07-21T00:00:00.000","9.9","VA","1"
"10006","Cantù - Via Meucci","2025-07-22T00:00:00.000","10.6","VA","1"
"10006","Cantù - Via Meucci","2025-07-23T00:00:00.000","16.1","VA","1"
"10006","Cantù - Via Meucci","2025-07-24T00:00:00.000","8.0","VA","1"
"10006","Cantù - Via Meucci","2025-07-25T00:00:00.000","14.0","VA","1"
"10006","Cantù - Via Meucci","2025-07-26T00:00:00.000","16.1","VA","1"
"10006","Cantù - Via Meucci","2025-07-27T00:00:00.000","8.7","VA","1"
"10006","Cantù - Via Meucci","2025-07-28T00:00:00.000","16.7","VA","1"
"10006","Cantù - Via Meucci","2025-07-29T00:00:00.000","8.7","VA","1"
"10006","Cantù - Via Meucci","2025-07-30T00:00:00.000","11.5","VA","1"
"10006","Cantù - Via Meucci","2025-07-31T00:00:00.000","15.0","VA","1"
"10006","Cantù - Via Meucci","2025-08-01T00:00:00.000","31.6","VA","1"
"10006","Cantù - Via Meucci","2025-08-02T00:00:00.000","20.2","VA","1"
"10006","Cantù - Via Meucci","2025-08-03T00:00:00.000","26.4","VA","1"
"10006","Cantù - Via Meucci","2025-08-04T00:00:00.000","23.5","VA","1"
"10006","Cantù - Via Meucci","2025-08-05T00:00:00.000","19.8","VA","1"
"10006","Cantù - Via Meucci","2025-08-06T00:00:00.000","16.9","VA","1"
"10006","Cantù - Via Meucci","2025-08-07T00:00:00.000","20.0","VA","1"
"10006","Cantù - Via Meucci","2025-08-08T00:00:00.000","30.3","VA","1"
"10006","Cantù - Via Meucci","2025-08-09T00:00:00.000","30.7","VA","1"
"10006","Cantù - Via Meucci","2025-08-10T00:00:00.000","20.8","VA","1"
"10006","Cantù - Via Meucci","2025-08-11T00:00:00.000","24.0","VA","1"
"10006","Cantù - Via Meucci","2025-08-12T00:00:00.000","27.8","VA","1"
"10006","Cantù - Via Meucci","2025-08-13T00:00:00.000","18.4","VA","1"
"10006","Cantù - Via Meucci","2025-08-14T00:00:00.000","21.8","VA","1"
"10006","Cantù - Via Meucci","2025-08-15T00:00:00.000","30.2","VA","1"
"10006","Cantù - Via Meucci","2025-08-16T00:00:00.000","31.2","VA","1"
"10006","Cantù - Via Meucci","2025-08-17T00:00:00.000","27.3","VA","1"
"10006","Cantù - Via Meucci","2025-08-18T00:00:00.000","22.9","VA","1"
"10006","Cantù - Via Meucci","2025-08-19T00:00:00.000","20.9","VA","1"
"10006","Cantù - Via Meucci","2025-08-20T00:00:00.000","27.5","VA","1"
"10006","Cantù - Via Meucci","2025-08-21T00:00:00.000","20.4","VA","1"
"10006","Cantù - Via Meucci","2025-08-22T00:00:00.000","21.2","VA","1"
"10006","Cantù - Via Meucci","2025-08-23T00:00:00.000","26.4","VA","1"
"10006","Cantù - Via Meucci","2025-08-24T00:00:00.000","20.1","VA","1"
"10006","Cantù - Via Meucci","2025-08-25T00:00:00.000","28.7","VA","1"
"10006","Cantù - Via Meucci","2025-08-26T00:00:00.000","20.2","VA","1"
"10006","Cantù - Via Meucci","2025-08-27T00:00:00.000","19.3","VA","1"
"10006","Cantù - Via Meucci","2025-08-28T00:00:00.000","17.4","VA","1"
"10006","Cantù - Via Meucci","2025-08-29T00:00:00.000","21.9","VA","1"
"10006","Cantù - Via Meucci","2025-08-30T00:00:00.000","24.1","VA","1"
"10006","Cantù - Via Meucci","2025-08-31T00:00:00.000","20.0","VA","1"
"10006","Cantù - Via Meucci","2025-09-01T00:00:00.000","39.0","VA","1"
"10006","Cantù - Via Meucci","2025-09-02T00:00:00.000","34.9","VA","1"
"10006","Cantù - Via Meucci","2025-09-03T00:00:00.000","32.8","VA","1"
"10006","Cantù - Via Meucci","2025-09-04T00:00:00.000","45.8","VA","1"
"10006","Cantù - Via Meucci","2025-09-05T00:00:00.000","40.1","VA","1"
"10006","Cantù - Via Meucci","2025-09-06T00:00:00.000","38.6","VA","1"
"10006","Cantù - Via Meucci","2025-09-07T00:00:00.000","44.2","VA","1"
"10006","Cantù - Via Meucci","2025-09-08T00:00:00.000","44.6","VA","1"
"10006","Cantù - Via Meucci","2025-09-09T00:00:00.000","37.6","VA","1"
"10006","Cantù - Via Meucci","2025-09-10T00:00:00.000","41.2","VA","1"
"10006","Cantù - Via Meucci","2025-09-11T00:00:00.000","37.9","VA","1"
"10006","Cantù - Via Meucci","2025-09-12T00:00:00.000","44.9","VA","1"
"10006","Cantù - Via Meucci","2025-09-13T00:00:00.000","45.3","VA","1"
"10006","Cantù - Via Meucci","2025-09-14T00:00:00.000","37.2","VA","1"
"10006","Cantù - Via Meucci","2025-09-15T00:00:00.000","34.6","VA","1"
"10006","Cantù - Via Meucci","2025-09-16T00:00:00.000","43.3","VA","1"
"10006","Cantù - Via Meucci","2025-09-17T00:00:00.000","38.4","VA","1"
"10006","Cantù - Via Meucci","2025-09-18T00:00:00.000","47.0","VA","1"
"10006","Cantù - Via Meucci","2025-09-19T00:00:00.000","40.9","VA","1"
"10006","Cantù - Via Meucci","2025-09-20T00:00:00.000","38.1","VA","1"
"10006","Cantù - Via Meucci","2025-09-21T00:00:00.000","32.8","VA","1"
"10006","Cantù - Via Meucci","2025-09-22T00:00:00.000","46.3","VA","1"
"10006","Cantù - Via Meucci","2025-09-23T00:00:00.000","-9999","NA","1"
"10006","Cantù - Via Meucci","2025-09-24T00:00:00.000","-9999","NA","1"
"10006","Cantù - Via Meucci","2025-09-25T00:00:00.000","39.6","VA","1"
"10006","Cantù - Via Meucci","2025-09-26T00:00:00.000","40.5","VA","1"
"10006","Cantù - Via Meucci","2025-09-27T00:00:00.000","40.9","VA","1"
"10006","Cantù - Via Meucci","2025-09-28T00:00:00.000","-9999","NA","1"
"10006","Cantù - Via Meucci","2025-09-29T00:00:00.000","-9999","NA","1"
"10006","Cantù - Via Meucci","2025-09-30T00:00:00.000","47.3","VA","1"
"10006","Cantù - Via Meucci","2025-10-01T00:00:00.000","51.4","VA","1"
"10006","Cantù - Via Meucci","2025-10-02T00:00:00.000","51.4","VA","1"
"10006","Cantù - Via Meucci","2025-10-03T00:00:00.000","48.6","VA","1"
"10006","Cantù - Via Meucci","2025-10-04T00:00:00.000","49.9","VA","1"
"10006","Cantù - Via Meucci","2025-10-05T00:00:00.000","-9999","NA","1"
"10006","Cantù - Via Meucci","2025-10-06T00:00:00.000","54.6","VA","1"
"10006","Cantù - Via Meucci","2025-10-07T00:00:00.000","52.1","VA","1"
"10006","Cantù - Via Meucci","2025-10-08T00:00:00.000","56.8","VA","1"
"10006","Cantù - Via Meucci","2025-10-09T00:00:00.000","49.8","VA","1"
"10006","Cantù - Via Meucci","2025-10-10T00:00:00.000","62.8","VA","1"
"10006","Cantù - Via Meucci","2025-10-11T00:00:00.000","62.2","VA","1"
"10006","Cantù - Via Meucci","2025-10-12T00:00:00.000","49.5","VA","1"
"10006","Cantù - Via Meucci","2025-10-13T00:00:00.000","51.4","VA","1"
"10006","Cantù - Via Meucci","2025-10-14T00:00:00.000","50.2","VA","1"
"10006","Cantù - Via Meucci","2025-10-15T00:00:00.000","51.9","VA","1"
"10006","Cantù - Via Meucci","2025-10-16T00:00:00.000","60.1","VA","1"
"10006","Cantù - Via Meucci","2025-10-17T00:00:00.000","63.1","VA","1"
"10006","Cantù - Via Meucci","2025-10-18T00:00:00.000","50.4","VA","1"
"10006","Cantù - Via Meucci","2025-10-19T00:00:00.000","61.7","VA","1"
"10006","Cantù - Via Meucci","2025-10-20T00:00:00.000","55.1","VA","1"
"10006","Cantù - Via Meucci","2025-10-21T00:00:00.000","60.2","VA","1"
"10006","Cantù - Via Meucci","2025-10-22T00:00:00.000","58.2","VA","1"
"10006","Cantù - Via Meucci","2025-10-23T00:00:00.000","59.2","VA","1"
"10006","Cantù - Via Meucci","2025-10-24T00:00:00.000","62.3","VA","1"
"10006","Cantù - Via Meucci","2025-10-25T00:00:00.000","52.7","VA","1"
"10006","Cantù - Via Meucci","2025-10-26T00:00:00.000","55.1","VA","1"
"10006","Cantù - Via Meucci","2025-10-27T00:00:00.000","49.5","VA","1"
"10006","Cantù - Via Meucci","2025-10-28T00:00:00.000","54.2","VA","1"
"10006","Cantù - Via Meucci","2025-10-29T00:00:00.000","53.9","VA","1"
"10006","Cantù - Via Meucci","2025-10-30T00:00:00.000","55.0","VA","1"
"10006","Cantù - Via Meucci","2025-10-31T00:00:00.000","48.4","VA","1"
"10006","Cantù - Via Meucci","2025-11-01T00:00:00.000","66.3","VA","1"
"10006","Cantù - Via Meucci","2025-11-02T00:00:00.000","68.8","VA","1"
"10006","Cantù - Via Meucci","2025-11-03T00:00:00.000","72.0","VA","1"
"10006","Cantù - Via Meucci","2025-11-04T00:00:00.000","66.0","VA","1"
"10006","Cantù - Via Meucci","2025-11-05T00:00:00.000","72.0","VA","1"
"10006","Cantù - Via Meucci","2025-11-06T00:00:00.000","72.0","VA","1"
"10006","Cantù - Via Meucci","2025-11-07T00:00:00.000","62.4","VA","1"
"10006","Cantù - Via Meucci","2025-11-08T00:00:00.000","66.2","VA","1"
"10006","Cantù - Via Meucci","2025-11-09T00:00:00.000","69.1","VA","1"
"10006","Cantù - Via Meucci","2025-11-10T00:00:00.000","66.0","VA","1"
"10006","Cantù - Via Meucci","2025-11-11T00:00:00.000","65.9","VA","1"
"10006","Cantù - Via Meucci","2025-11-12T00:00:00.000","72.0","VA","1"
"10006","Cantù - Via Meucci","2025-11-13T00:00:00.000","-9999","NA","1"
"10006","Cantù - Via Meucci","2025-11-14T00:00:00.000","72.0","VA","1"
"10006","Cantù - Via Meucci","2025-11-15T00:00:00.000","72.0","VA","1"
"10006","Cantù - Via Meucci","2025-11-16T00:00:00.000","61.0","VA","1"
"10006","Cantù - Via Meucci","2025-11-17T00:00:00.000","69.8","VA","1"
"10006","Cantù - Via Meucci","2025-11-18T00:00:00.000","61.9","VA","1"
"10006","Cantù - Via Meucci","2025-11-19T00:00:00.000","72.0","VA","1"
"10006","Cantù - Via Meucci","2025-11-20T00:00:00.000","72.0","VA","1"
"10006","Cantù - Via Meucci","2025-11-21T00:00:00.000","70.3","VA","1"
"10006","Cantù - Via Meucci","2025-11-22T00:00:00.000","61.4","VA","1"
"10006","Cantù - Via Meucci","2025-11-23T00:00:00.000","63.4","VA","1"
"10006","Cantù - Via Meucci","2025-11-24T00:00:00.000","72.0","VA","1"
"10006","Cantù - Via Meucci","2025-11-25T00:00:00.000","61.7","VA","1"
"10006","Cantù - Via Meucci","2025-11-26T00:00:00.000","63.1","VA","1"
"10006","Cantù - Via Meucci","2025-11-27T00:00:00.000","69.8","VA","1"
"10006","Cantù - Via Meucci","2025-11-28T00:00:00.000","64.4","VA","1"
"10006","Cantù - Via Meucci","2025-11-29T00:00:00.000","62.2","VA","1"
"10006","Cantù - Via Meucci","2025-11-30T00:00:00.000","72.0","VA","1"
"10006","Cantù - Via Meucci","2025-12-01T00:00:00.000","70.1","VA","1"
"10006","Cantù - Via Meucci","2025-12-02T00:00:00.000","66.2","VA","1"
"10006","Cantù - Via Meucci","2025-12-03T00:00:00.000","72.0","VA","1"
"10006","Cantù - Via Meucci","2025-12-04T00:00:00.000","72.0","VA","1"
"10006","Cantù - Via Meucci","2025-12-05T00:00:00.000","72.0","VA","1"
"10006","Cantù - Via Meucci","2025-12-06T00:00:00.000","72.0","VA","1"
"10006","Cantù - Via Meucci","2025-12-07T00:00:00.000","72.0","VA","1"
"10006","Cantù - Via Meucci","2025-12-08T00:00:00.000","72.0","VA","1"
"10006","Cantù - Via Meucci","2025-12-09T00:00:00.000","72.0","VA","1"
"10006","Cantù - Via Meucci","2025-12-10T00:00:00.000","64.6","VA","1"
"10006","Cantù - Via Meucci","2025-12-11T00:00:00.000","65.5","VA","1"
"10006","Cantù - Via Meucci","2025-12-12T00:00:00.000","65.8","VA","1"
"10006","Cantù - Via Meucci","2025-12-13T00:00:00.000","68.9","VA","1"
"10006","Cantù - Via Meucci","2025-12-14T00:00:00.000","72.0","VA","1"
"10006","Cantù - Via Meucci","2025-12-15T00:00:00.000","65.3","VA","1"
"10006","Cantù - Via Meucci","2025-12-16T00:00:00.000","67.7","VA","1"
"10006","Cantù - Via Meucci","2025-12-17T00:00:00.000","69.5","VA","1"
"10006","Cantù - Via Meucci","2025-12-18T00:00:00.000","72.0","VA","1"
"10006","Cantù - Via Meucci","2025-12-19T00:00:00.000","67.4","VA","1"
"10006","Cantù - Via Meucci","2025-12-20T00:00:00.000","65.4","VA","1"
"10006","Cantù - Via Meucci","2025-12-21T00:00:00.000","69.5","VA","1"
"10006","Cantù - Via Meucci","2025-12-22T00:00:00.000","72.0","VA","1"
"10006","Cantù - Via Meucci","2025-12-23T00:00:00.000","70.7","VA","1"
"10006","Cantù - Via Meucci","2025-12-24T00:00:00.000","65.3","VA","1"
"10006","Cantù - Via Meucci","2025-12-25T00:00:00.000","72.0","VA","1"
"10006","Cantù - Via Meucci","2025-12-26T00:00:00.000","67.8","VA","1"
"10006","Cantù - Via Meucci","2025-12-27T00:00:00.000","72.0","VA","1"
"10006","Cantù - Via Meucci","2025-12-28T00:00:00.000","72.0","VA","1"
"10006","Cantù - Via Meucci","2025-12-29T00:00:00.000","70.4","VA","1"
"10006","Cantù - Via Meucci","2025-12-30T00:00:00.000","72.0","VA","1"
"10006","Cantù - Via Meucci","2025-12-31T00:00:00.000","72.0","VA","1"
"10007","Monza - Parco","01/01/2025 00:00","58,4","VA","1"
"10007","Monza - Parco","02/01/2025 00:00","59,4","VA","1"
"10007","Monza - Parco","03/01/2025 00:00","62,0","VA","1"
"10007","Monza - Parco","04/01/2025 00:00","62,0","VA","1"
"10007","Monza - Parco","05/01/2025 00:00","62,0","VA","1"
"10007","Monza - Parco","06/01/2025 00:00","61,9","VA","1"
"10007","Monza - Parco","07/01/2025 00:00","62,0","VA","1"
"10007","Monza - Parco","08/01/2025 00:00","61,9","VA","1"
"10007","Monza - Parco","09/01/2025 00:00","59,9","VA","1"
"10007","Monza - Parco","10/01/2025 00:00","59,7","VA","1"
"10007","Monza - Parco","11/01/2025 00:00","60,1","VA","1"
"10007","Monza - Parco","12/01/2025 00:00","60,5","VA","1"
"10007","Monza - Parco","13/01/2025 00:00","56,2","VA","1"
"10007","Monza - Parco","14/01/2025 00:00","-9999","NA","1"
"10007","Monza - Parco","15/01/2025 00:00","56,6","VA","1"
"10007","Monza - Parco","16/01/2025 00:00","62,0","VA","1"
"10007","Monza - Parco","17/01/2025 00:00","56,7","VA","1"
"10007","Monza - Parco","18/01/2025 00:00","62,0","VA","1"
"10007","Monza - Parco","19/01/2025 00:00","62,0","VA","1"
"10007","Monza - Parco","20/01/2025 00:00","57,6","VA","1"
"10007","Monza - Parco","21/01/2025 00:00","60,2","VA","1"
"10007","Monza - Parco","22/01/2025 00:00","56,9","VA","1"
"10007","Monza - Parco","23/01/2025 00:00","62,0","VA","1"
"10007","Monza - Parco","24/01/2025 00:00","56,0","VA","1"
"10007","Monza - Parco","25/01/2025 00:00","62,0","VA","1"
"10007","Monza - Parco","26/01/2025 00:00","62,0","VA","1"
"10007","Monza - Parco","27/01/2025 00:00","55,5","VA","1"
"10007","Monza - Parco","28/01/2025 00:00","62,0","VA","1"
"10007","Monza - Parco","29/01/2025 00:00","59,8","VA","1"
"10007","Monza - Parco","30/01/2025 00:00","62,0","VA","1"
"10007","Monza - Parco","31/01/2025 00:00","55,4","VA","1"
"10007","Monza - Parco","01/02/2025 00:00","62,0","VA","1"
"10007","Monza - Parco","02/02/2025 00:00","57,8","VA","1"
"10007","Monza - Parco","03/02/2025 00:00","54,1","VA","1"
"10007","Monza - Parco","04/02/2025 00:00","56,6","VA","1"
"10007","Monza - Parco","05/02/2025 00:00","53,2","VA","1"
"10007","Monza - Parco","06/02/2025 00:00","62,0","VA","1"
"10007","Monza - Parco","07/02/2025 00:00","59,3","VA","1"
"10007","Monza - Parco","08/02/2025 00:00","-9999","NA","1"
"10007","Monza - Parco","09/02/2025 00:00","59,8","VA","1"
"10007","Monza - Parco","10/02/2025 00:00","62,0","VA","1"
"10007","Monza - Parco","11/02/2025 00:00","54,5","VA","1"
"10007","Monza - Parco","12/02/2025 00:00","59,9","VA","1"
"10007","Monza - Parco","13/02/2025 00:00","-9999","NA","1"
"10007","Monza - Parco","14/02/2025 00:00","57,7","VA","1"
"10007","Monza - Parco","15/02/2025 00:00","54,7","VA","1"
"10007","Monza - Parco","16/02/2025 00:00","59,9","VA","1"
"10007","Monza - Parco","17/02/2025 00:00","58,7","VA","1"
"10007","Monza - Parco","18/02/2025 00:00","56,2","VA","1"
"10007","Monza - Parco","19/02/2025 00:00","62,0","VA","1"
"10007","Monza - Parco","20/02/2025 00:00","57,2","VA","1"
"10007","Monza - Parco","21/02/2025 00:00","58,9","VA","1"
"10007","Monza - Parco","22/02/2025 00:00","59,7","VA","1"
"10007","Monza - Parco","23/02/2025 00:00","62,0","VA","1"
"10007","Monza - Parco","24/02/2025 00:00","55,8","VA","1"
"10007","Monza - Parco","25/02/2025 00:00","57,3","VA","1"
"10007","Monza - Parco","26/02/2025 00:00","58,9","VA","1"
"10007","Monza - Parco","27/02/2025 00:00","62,0","VA","1"
"10007","Monza - Parco","28/02/2025 00:00","59,5","VA","1"
"10007","Monza - Parco","01/03/2025 00:00","54,7","VA","1"
"10007","Monza - Parco","02/03/2025 00:00","49,4","VA","1"
"10007","Monza - Parco","03/03/2025 00:00","46,7","VA","1"
"10007","Monza - Parco","04/03/2025 00:00","42,8","VA","1"
"10007","Monza - Parco","05/03/2025 00:00","44,0","VA","1"
"10007","Monza - Parco","06/03/2025 00:00","53,2","VA","1"
"10007","Monza - Parco","07/03/2025 00:00","48,2","VA","1"
"10007","Monza - Parco","08/03/2025 00:00","50,9","VA","1"
"10007","Monza - Parco","09/03/2025 00:00","48,2","VA","1"
"10007","Monza - Parco","10/03/2025 00:00","47,6","VA","1"
"10007","Monza - Parco","11/03/2025 00:00","44,9","VA","1"
"10007","Monza - Parco","12/03/2025 00:00","46,5","VA","1"
"10007","Monza - Parco","13/03/2025 00:00","42,2","VA","1"
"10007","Monza - Parco","14/03/2025 00:00","41,6","VA","1"
"10007","Monza - Parco","15/03/2025 00:00","46,3","VA","1"
"10007","Monza - Parco","16/03/2025 00:00","47,5","VA","1"
"10007","Monza - Parco","17/03/2025 00:00","42,5","VA","1"
"10007","Monza - Parco","18/03/2025 00:00","48,2","VA","1"
"10007","Monza - Parco","19/03/2025 00:00","52,0","VA","1"
"10007","Monza - Parco","20/03/2025 00:00","53,7","VA","1"
"10007","Monza - Parco","21/03/2025 00:00","54,3","VA","1"
"10007","Monza - Parco","22/03/2025 00:00","44,6","VA","1"
"10007","Monza - Parco","23/03/2025 00:00","43,1","VA","1"
"10007","Monza - Parco","24/03/2025 00:00","52,6","VA","1"
"10007","Monza - Parco","25/03/2025 00:00","54,2","VA","1"
"10007","Monza - Parco","26/03/2025 00:00","54,0","VA","1"
"10007","Monza - Parco","27/03/2025 00:00","50,1","VA","1"
"10007","Monza - Parco","28/03/2025 00:00","53,6","VA","1"
"10007","Monza - Parco","29/03/2025 00:00","43,3","VA","1"
"10007","Monza - Parco","30/03/2025 00:00","49,4","VA","1"
"10007","Monza - Parco","31/03/2025 00:00","43,6","VA","1"
"10007","Monza - Parco","01/04/2025 00:00","34,9","VA","1"
"10007","Monza - Parco","02/04/2025 00:00","35,5","VA","1"
"10007","Monza - Parco","03/04/2025 00:00","29,1","VA","1"
"10007","Monza - Parco","04/04/2025 00:00","36,5","VA","1"
"10007","Monza - Parco","05/04/2025 00:00","31,9","VA","1"
"10007","Monza - Parco","06/04/2025 00:00","30,8","VA","1"
"10007","Monza - Parco","07/04/2025 00:00","35,4","VA","1"
"10007","Monza - Parco","08/04/2025 00:00","35,2","VA","1"
"10007","Monza - Parco","09/04/2025 00:00","29,3","VA","1"
"10007","Monza - Parco","10/04/2025 00:00","29,6","VA","1"
"10007","Monza - Parco","11/04/2025 00:00","35,1","VA","1"
"10007","Monza - Parco","12/04/2025 00:00","28,7","VA","1"
"10007","Monza - Parco","13/04/2025 00:00","36,9","VA","1"
"10007","Monza - Parco","14/04/2025 00:00","33,5","VA","1"
"10007","Monza - Parco","15/04/2025 00:00","32,7","VA","1"
"10007","Monza - Parco","16/04/2025 00:00","32,4","VA","1"
"10007","Monza - Parco","17/04/2025 00:00","29,9","VA","1"
"10007","Monza - Parco","18/04/2025 00:00","38,9","VA","1"
"10007","Monza - Parco","19/04/2025 00:00","37,5","VA","1"
"10007","Monza - Parco","20/04/2025 00:00","38,0","VA","1"
"10007","Monza - Parco","21/04/2025 00:00","28,9","VA","1"
"10007","Monza - Parco","22/04/2025 00:00","36,4","VA","1"
"10007","Monza - Parco","23/04/2025 00:00","27,6","VA","1"
"10007","Monza - Parco","24/04/2025 00:00","33,9","VA","1"
"10007","Monza - Parco","25/04/2025 00:00","30,5","VA","1"
"10007","Monza - Parco","26/04/2025 00:00","35,2","VA","1"
"10007","Monza - Parco","27/04/2025 00:00","34,4","VA","1"
"10007","Monza - Parco","28/04/2025 00:00","35,0","VA","1"
"10007","Monza - Parco","29/04/2025 00:00","31,5","VA","1"
"10007","Monza - Parco","30/04/2025 00:00","38,6","VA","1"
"10007","Monza - Parco","01/05/2025 00:00","15,5","VA","1"
"10007","Monza - Parco","02/05/2025 00:00","15,6","VA","1"
"10007","Monza - Parco","03/05/2025 00:00","21,9","VA","1"
"10007","Monza - Parco","04/05/2025 00:00","22,2","VA","1"
"10007","Monza - Parco","05/05/2025 00:00","23,9","VA","1"
"10007","Monza - Parco","06/05/2025 00:00","22,7","VA","1"
"10007","Monza - Parco","07/05/2025 00:00","14,6","VA","1"
"10007","Monza - Parco","08/05/2025 00:00","20,5","VA","1"
"10007","Monza - Parco","09/05/2025 00:00","18,5","VA","1"
"10007","Monza - Parco","10/05/2025 00:00","15,8","VA","1"
"10007","Monza - Parco","11/05/2025 00:00","23,4","VA","1"
"10007","Monza - Parco","12/05/2025 00:00","-9999","NA","1"
"10007","Monza - Parco","13/05/2025 00:00","15,6","VA","1"
"10007","Monza - Parco","14/05/2025 00:00","18,7","VA","1"
"10007","Monza - Parco","15/05/2025 00:00","14,0","VA","1"
"10007","Monza - Parco","16/05/2025 00:00","22,5","VA","1"
"10007","Monza - Parco","17/05/2025 00:00","23,4","VA","1"
"10007","Monza - Parco","18/05/2025 00:00","20,2","VA","1"
"10007","Monza - Parco","19/05/2025 00:00","25,6","VA","1"
"10007","Monza - Parco","20/05/2025 00:00","15,0","VA","1"
"10007","Monza - Parco","21/05/2025 00:00","17,2","VA","1"
"10007","Monza - Parco","22/05/2025 00:00","26,6","VA","1"
"10007","Monza - Parco","23/05/2025 00:00","24,4","VA","1"
"10007","Monza - Parco","24/05/2025 00:00","20,0","VA","1"
"10007","Monza - Parco","25/05/2025 00:00","14,4","VA","1"
"10007","Monza - Parco","26/05/2025 00:00","-9999","NA","1"
"10007","Monza - Parco","27/05/2025 00:00","18,5","VA","1"
"10007","Monza - Parco","28/05/2025 00:00","22,9","VA","1"
"10007","Monza - Parco","29/05/2025 00:00","25,5","VA","1"
"10007","Monza - Parco","30/05/2025 00:00","-9999","NA","1"
"10007","Monza - Parco","31/05/2025 00:00","17,0","VA","1"
"10007","Monza - Parco","01/06/2025 00:00","15,5","VA","1"
"10007","Monza - Parco","02/06/2025 00:00","15,0","VA","1"
"10007","Monza - Parco","03/06/2025 00:00","16,2","VA","1"
"10007","Monza - Parco","04/06/2025 00:00","16,3","VA","1"
"10007","Monza - Parco","05/06/2025 00:00","13,2","VA","1"
"10007","Monza - Parco","06/06/2025 00:00","9,3","VA","1"
"10007","Monza - Parco","07/06/2025 00:00","14,2","VA","1"
"10007","Monza - Parco","08/06/2025 00:00","11,1","VA","1"
"10007","Monza - Parco","09/06/2025 00:00","9,1","VA","1"
"10007","Monza - Parco","10/06/2025 00:00","15,4","VA","1"
"10007","Monza - Parco","11/06/2025 00:00","14,9","VA","1"
"10007","Monza - Parco","12/06/2025 00:00","6,9","VA","1"
"10007","Monza - Parco","13/06/2025 00:00","16,1","VA","1"
"10007","Monza - Parco","14/06/2025 00:00","7,6","VA","1"
"10007","Monza - Parco","15/06/2025 00:00","13,1","VA","1"
"10007","Monza - Parco","16/06/2025 00:00","6,0","VA","1"
"10007","Monza - Parco","17/06/2025 00:00","15,8","VA","1"
"10007","Monza - Parco","18/06/2025 00:00","6,0","VA","1"
"10007","Monza - Parco","19/06/2025 00:00","6,8","VA","1"
"10007","Monza - Parco","20/06/2025 00:00","6,0","VA","1"
"10007","Monza - Parco","21/06/2025 00:00","6,6","VA","1"
"10007","Monza - Parco","22/06/2025 00:00","9,0","VA","1"
"10007","Monza - Parco","23/06/2025 00:00","6,0","VA","1"
"10007","Monza - Parco","24/06/2025 00:00","14,3","VA","1"
"10007","Monza - Parco","25/06/2025 00:00","6,0","VA","1"
"10007","Monza - Parco","26/06/2025 00:00","6,0","VA","1"
"10007","Monza - Parco","27/06/2025 00:00","12,8","VA","1"
"10007","Monza - Parco","28/06/2025 00:00","13,1","VA","1"
"10007","Monza - Parco","29/06/2025 00:00","6,0","VA","1"
"10007","Monza - Parco","30/06/2025 00:00","10,7","VA","1"
"10007","Monza - Parco","01/07/2025 00:00","6,0","VA","1"
"10007","Monza - Parco","02/07/2025 00:00","6,2","VA","1"
"10007","Monza - Parco","03/07/2025 00:00","12,0","VA","1"
"10007","Monza - Parco","04/07/2025 00:00","6,0","VA","1"
"10007","Monza - Parco","05/07/2025 00:00","6,0","VA","1"
"10007","Monza - Parco","06/07/2025 00:00","6,0","VA","1"
"10007","Monza - Parco","07/07/2025 00:00","6,0","VA","1"
"10007","Monza - Parco","08/07/2025 00:00","6,0","VA","1"
"10007","Monza - Parco","09/07/2025 00:00","-9999","NA","1"
"10007","Monza - Parco","10/07/2025 00:00","6,0","VA","1"
"10007","Monza - Parco","11/07/2025 00:00","6,0","VA","1"
"10007","Monza - Parco","12/07/2025 00:00","6,0","VA","1"
"10007","Monza - Parco","13/07/2025 00:00","6,0","VA","1"
"10007","Monza - Parco","14/07/2025 00:00","6,0","VA","1"
"10007","Monza - Parco","15/07/2025 00:00","6,0","VA","1"
"10007","Monza - Parco","16/07/2025 00:00","-9999","NA","1"
"10007","Monza - Parco","17/07/2025 00:00","10,5","VA","1"
"10007","Monza - Parco","18/07/2025 00:00","6,8","VA","1"
"10007","Monza - Parco","19/07/2025 00:00","10,5","VA","1"
"10007","Monza - Parco","20/07/2025 00:00","12,7","VA","1"
"10007","Monza - Parco","21/07/2025 00:00","6,7","VA","1"
"10007","Monza - Parco","22/07/2025 00:00","6,0","VA","1"
"10007","Monza - Parco","23/07/2025 00:00","6,0","VA","1"
"10007","Monza - Parco","24/07/2025 00:00","12,6","VA","1"
"10007","Monza - Parco","25/07/2025 00:00","11,5","VA","1"
"10007","Monza - Parco","26/07/2025 00:00","6,0","VA","1"
"10007","Monza - Parco","27/07/2025 00:00","-9999","NA","1"
"10007","Monza - Parco","28/07/2025 00:00","6,0","VA","1"
"10007","Monza - Parco","29/07/2025 00:00","6,0","VA","1"
"10007","Monza - Parco","30/07/2025 00:00","11,6","VA","1"
"10007","Monza - Parco","31/07/2025 00:00","6,2","VA","1"
"10007","Monza - Parco","01/08/2025 00:00","9,4","VA","1"
"10007","Monza - Parco","02/08/2025 00:00","10,7","VA","1"
"10007","Monza - Parco","03/08/2025 00:00","13,9","VA","1"
"10007","Monza - Parco","04/08/2025 00:00","13,7","VA","1"
"10007","Monza - Parco","05/08/2025 00:00","14,8","VA","1"
"10007","Monza - Parco","06/08/2025 00:00","9,4","VA","1"
"10007","Monza - Parco","07/08/2025 00:00","6,0","VA","1"
"10007","Monza - Parco","08/08/2025 00:00","-9999","NA","1"
"10007","Monza - Parco","09/08/2025 00:00","12,5","VA","1"
"10007","Monza - Parco","10/08/2025 00:00","6,0","VA","1"
"10007","Monza - Parco","11/08/2025 00:00","10,0","VA","1"
"10007","Monza - Parco","12/08/2025 00:00","6,0","VA","1"
"10007","Monza - Parco","13/08/2025 00:00","6,0","VA","1"
"10007","Monza - Parco","14/08/2025 00:00","10,7","VA","1"
"10007","Monza - Parco","15/08/2025 00:00","-9999","NA","1"
"10007","Monza - Parco","16/08/2025 00:00","14,2","VA","1"
"10007","Monza - Parco","17/08/2025 00:00","15,0","VA","1"
"10007","Monza - Parco","18/08/2025 00:00","6,0","VA","1"
"10007","Monza - Parco","19/08/2025 00:00","11,6","VA","1"
"10007","Monza - Parco","20/08/2025 00:00","-9999","NA","1"
"10007","Monza - Parco","21/08/2025 00:00","9,5","VA","1"
"10007","Monza - Parco","22/08/2025 00:00","6,0","VA","1"
"10007","Monza - Parco","23/08/2025 00:00","7,9","VA","1"
"10007","Monza - Parco","24/08/2025 00:00","6,0","VA","1"
"10007","Monza - Parco","25/08/2025 00:00","14,7","VA","1"
"10007","Monza - Parco","26/08/2025 00:00","6,0","VA","1"
"10007","Monza - Parco","27/08/2025 00:00","13,3","VA","1"
"10007","Monza - Parco","28/08/2025 00:00","10,8","VA","1"
"10007","Monza - Parco","29/08/2025 00:00","11,5","VA","1"
"10007","Monza - Parco","30/08/2025 00:00","9,4","VA","1"
"10007","Monza - Parco","31/08/2025 00:00","13,4","VA","1"
"10007","Monza - Parco","01/09/2025 00:00","24,0","VA","1"
"10007","Monza - Parco","02/09/2025 00:00","25,5","VA","1"
"10007","Monza - Parco","03/09/2025 00:00","-9999","NA","1"
"10007","Monza - Parco","04/09/2025 00:00","15,9","VA","1"
"10007","Monza - Parco","05/09/2025 00:00","26,2","VA","1"
"10007","Monza - Parco","06/09/2025 00:00","25,7","VA","1"
"10007","Monza - Parco","07/09/2025 00:00","16,2","VA","1"
"10007","Monza - Parco","08/09/2025 00:00","16,9","VA","1"
"10007","Monza - Parco","09/09/2025 00:00","23,6","VA","1"
"10007","Monza - Parco","10/09/2025 00:00","19,7","VA","1"
"10007","Monza - Parco","11/09/2025 00:00","24,0","VA","1"
"10007","Monza - Parco","12/09/2025 00:00","16,9","VA","1"
"10007","Monza - Parco","13/09/2025 00:00","17,4","VA","1"
"10007","Monza - Parco","14/09/2025 00:00","14,0","VA","1"
"10007","Monza - Parco","15/09/2025 00:00","-9999","NA","1"
"10007","Monza - Parco","16/09/2025 00:00","23,7","VA","1"
"10007","Monza - Parco","17/09/2025 00:00","22,6","VA","1"
"10007","Monza - Parco","18/09/2025 00:00","26,4","VA","1"
"10007","Monza - Parco","19/09/2025 00:00","25,0","VA","1"
"10007","Monza - Parco","20/09/2025 00:00","16,6","VA","1"
"10007","Monza - Parco","21/09/2025 00:00","20,8","VA","1"
"10007","Monza - Parco","22/09/2025 00:00","13,3","VA","1"
"10007","Monza - Parco","23/09/2025 00:00","26,7","VA","1"
"10007","Monza - Parco","24/09/2025 00:00","18,5","VA","1"
"10007","Monza - Parco","25/09/2025 00:00","15,6","VA","1"
"10007","Monza - Parco","26/09/2025 00:00","23,6","VA","1"
"10007","Monza - Parco","27/09/2025 00:00","25,7","VA","1"
"10007","Monza - Parco","28/09/2025 00:00","18,1"
"10007","Monza - Parco","29/09/2025 00:00","15,7","VA","1"
"10007","Monza - Parco","30/09/2025 00:00","25,7","VA","1"
"10007","Monza - Parco","01/10/2025 00:00","38,0","VA","1"
"10007","Monza - Parco","02/10/2025 00:00","32,3","VA","1"
"10007","Monza - Parco","03/10/2025 00:00","31,7","VA","1"
"10007","Monza - Parco","04/10/2025 00:00","38,8","VA","1"
"10007","Monza - Parco","05/10/2025 00:00","37,6","VA","1"
"10007","Monza - Parco","06/10/2025 00:00","34,2","VA","1"
"10007","Monza - Parco","07/10/2025 00:00","-9999","NA","1"
"10007","Monza - Parco","08/10/2025 00:00","30,1","VA","1"
"10007","Monza - Parco","09/10/2025 00:00","37,4","VA","1"
"10007","Monza - Parco","10/10/2025 00:00","35,1","VA","1"
"10007","Monza - Parco","11/10/2025 00:00","33,5","VA","1"
"10007","Monza - Parco","12/10/2025 00:00","29,1","VA","1"
"10007","Monza - Parco","13/10/2025 00:00","39,5","VA","1"
"10007","Monza - Parco","14/10/2025 00:00","32,7","VA","1"
"10007","Monza - Parco","15/10/2025 00:00","37,6","VA","1"
"10007","Monza - Parco","16/10/2025 00:00","34,2","VA","1"
"10007","Monza - Parco","17/10/2025 00:00","-9999","NA","1"
"10007","Monza - Parco","18/10/2025 00:00","38,4","VA","1"
"10007","Monza - Parco","19/10/2025 00:00","36,1","VA","1"
"10007","Monza - Parco","20/10/2025 00:00","37,1","VA","1"
"10007","Monza - Parco","21/10/2025 00:00","37,7","VA","1"
"10007","Monza - Parco","22/10/2025 00:00","29,4","VA","1"
"10007","Monza - Parco","23/10/2025 00:00","30,9","VA","1"
"10007","Monza - Parco","24/10/2025 00:00","36,7","VA","1"
"10007","Monza - Parco","25/10/2025 00:00","36,7","VA","1"
"10007","Monza - Parco","26/10/2025 00:00","36,1","VA","1"
"10007","Monza - Parco","27/10/2025 00:00","36,3","VA","1"
"10007","Monza - Parco","28/10/2025 00:00","29,2","VA","1"
"10007","Monza - Parco","29/10/2025 00:00","39,9","VA","1"
"10007","Monza - Parco","30/10/2025 00:00","39,7","VA","1"
"10007","Monza - Parco","31/10/2025 00:00","38,7","VA","1"
"10007","Monza - Parco","01/11/2025 00:00","46,8","VA","1"
"10007","Monza - Parco","02/11/2025 00:00","42,6","VA","1"
"10007","Monza - Parco","03/11/2025 00:00","53,4","VA","1"
"10007","Monza - Parco","04/11/2025 00:00","43,5","VA","1"
"10007","Monza - Parco","05/11/2025 00:00","46,2","VA","1"
"10007","Monza - Parco","06/11/2025 00:00","51,0","VA","1"
"10007","Monza - Parco","07/11/2025 00:00","48,4","VA","1"
"10007","Monza - Parco","08/11/2025 00:00","51,8","VA","1"
"10007","Monza - Parco","09/11/2025 00:00","53,6","VA","1"
"10007","Monza - Parco","10/11/2025 00:00","42,6","VA","1"
"10007","Monza - Parco","11/11/2025 00:00","52,8","VA","1"
"10007","Monza - Parco","12/11/2025 00:00","54,5","VA","1"
"10007","Monza - Parco","13/11/2025 00:00","51,7","VA","1"
"10007","Monza - Parco","14/11/2025 00:00","54,1","VA","1"
"10007","Monza - Parco","15/11/2025 00:00","44,0","VA","1"
"10007","Monza - Parco","16/11/2025 00:00","42,7","VA","1"
"10007","Monza - Parco","17/11/2025 00:00","42,2","VA","1"
"10007","Monza - Parco","18/11/2025 00:00","53,7","VA","1"
"10007","Monza - Parco","19/11/2025 00:00","41,8","VA","1"
"10007","Monza - Parco","20/11/2025 00:00","53,1","VA","1"
"10007","Monza - Parco","21/11/2025 00:00","49,8","VA","1"
"10007","Monza - Parco","22/11/2025 00:00","48,7","VA","1"
"10007","Monza - Parco","23/11/2025 00:00","50,1","VA","1"
"10007","Monza - Parco","24/11/2025 00:00","51,6","VA","1"
"10007","Monza - Parco","25/11/2025 00:00","-9999","NA","1"
"10007","Monza - Parco","26/11/2025 00:00","-9999","NA","1"
"10007","Monza - Parco","27/11/2025 00:00","48,7","VA","1"
"10007","Monza - Parco","28/11/2025 00:00","52,4","VA","1"
"10007","Monza - Parco","29/11/2025 00:00","43,7","VA","1"
"10007","Monza - Parco","30/11/2025 00:00","44,7","VA","1"
"10007","Monza - Parco","01/12/2025 00:00","60,6","VA","1"
"10007","Monza - Parco","02/12/2025 00:00","52,1","VA","1"
"10007","Monza - Parco","03/12/2025 00:00","58,8","VA","1"
"10007","Monza - Parco","04/12/2025 00:00","62,0","VA","1"
"10007","Monza - Parco","05/12/2025 00:00","52,7","VA","1"
"10007","Monza - Parco","06/12/2025 00:00","54,2","VA","1"
"10007","Monza - Parco","07/12/2025 00:00","62,0","VA","1"
"10007","Monza - Parco","08/12/2025 00:00","57,2","VA","1"
"10007","Monza - Parco","09/12/2025 00:00","54,6","VA","1"
"10007","Monza - Parco","10/12/2025 00:00","54,9","VA","1"
"10007","Monza - Parco","11/12/2025 00:00","53,0","VA","1"
"10007","Monza - Parco","12/12/2025 00:00","60,9","VA","1"
"10007","Monza - Parco","13/12/2025 00:00","53,3","VA","1"
"10007","Monza - Parco","14/12/2025 00:00","60,7","VA","1"
"10007","Monza - Parco","15/12/2025 00:00","59,7","VA","1"
"10007","Monza - Parco","16/12/2025 00:00","57,1","VA","1"
"10007","Monza - Parco","17/12/2025 00:00","58,8","VA","1"
"10007","Monza - Parco","18/12/2025 00:00","54,8","VA","1"
"10007","Monza - Parco","19/12/2025 00:00","60,1","VA","1"
"10007","Monza - Parco","20/12/2025 00:00","55,5","VA","1"
"10007","Monza - Parco","21/12/2025 00:00","62,0","VA","1"
"10007","Monza - Parco","22/12/2025 00:00","53,7","VA","1"
"10007","Monza - Parco","23/12/2025 00:00","52,2","VA","1"
"10007","Monza - Parco","24/12/2025 00:00","62,0","VA","1"
"10007","Monza - Parco","25/12/2025 00:00","58,4","VA","1"
"10007","Monza - Parco","26/12/2025 00:00","57,1","VA","1"
"10007","Monza - Parco","27/12/2025 00:00","60,1","VA","1"
"10007","Monza - Parco","28/12/2025 00:00","61,7","VA","1"
"10007","Monza - Parco","29/12/2025 00:00","62,0","VA","1"
"10007","Monza - Parco","30/12/2025 00:00","62,0","VA","1"
"10007","Monza - Parco","31/12/2025 00:00","58,2","VA","1"
"10008","Monza - Parco","01/01/2025 00:00","18,0","VA","1"
"10008","Monza - Parco","02/01/2025 00:00","27,6","VA","1"
"10008","Monza - Parco","03/01/2025 00:00","18,0","VA","1"
"10008","Monza - Parco","04/01/2025 00:00","18,0","VA","1"
"10008","Monza - Parco","05/01/2025 00:00","18,0","VA","1"
"10008","Monza - Parco","06/01/2025 00:00","18,0","VA","1"
"10008","Monza - Parco","07/01/2025 00:00","18,0","VA","1"
"10008","Monza - Parco","08/01/2025 00:00","-9999","NA","1"
"10008","Monza - Parco","09/01/2025 00:00","18,0","VA","1"
"10008","Monza - Parco","10/01/2025 00:00","18,0","VA","1"
"10008","Monza - Parco","11/01/2025 00:00","18,0","VA","1"
"10008","Monza - Parco","12/01/2025 00:00","18,0","VA","1"
"10008","Monza - Parco","13/01/2025 00:00","18,0","VA","1"
"10008","Monza - Parco","14/01/2025 00:00","18,0","VA","1"
"10008","Monza - Parco","15/01/2025 00:00","18,0","VA","1"
"10008","Monza - Parco","16/01/2025 00:00","28,2","VA","1"
"10008","Monza - Parco","17/01/2025 00:00","30,7","VA","1"
"10008","Monza - Parco","18/01/2025 00:00","18,0","VA","1"
"10008","Monza - Parco","19/01/2025 00:00","18,0","VA","1"
"10008","Monza - Parco","20/01/2025 00:00","24,1","VA","1"
"10008","Monza - Parco","21/01/2025 00:00","24,8","VA","1"
"10008","Monza - Parco","22/01/2025 00:00","18,0","VA","1"
"10008","Monza - Parco","23/01/2025 00:00","18,0","VA","1"
"10008","Monza - Parco","24/01/2025 00:00","28,3","VA","1"
"10008","Monza - Parco","25/01/2025 00:00","18,0","VA","1"
"10008","Monza - Parco","26/01/2025 00:00","24,9","VA","1"
"10008","Monza - Parco","27/01/2025 00:00","25,1","VA","1"
"10008","Monza - Parco","28/01/2025 00:00","18,0","VA","1"
"10008","Monza - Parco","29/01/2025 00:00","18,0","VA","1"
"10008","Monza - Parco","30/01/2025 00:00","29,6","VA","1"
"10008","Monza - Parco","31/01/2025 00:00","18,0","VA","1"
"10008","Monza - Parco","01/02/2025 00:00","24,3","VA","1"
"10008","Monza - Parco","02/02/2025 00:00","24,9","VA","1"
"10008","Monza - Parco","03/02/2025 00:00","28,5","VA","1"
"10008","Monza - Parco","04/02/2025 00:00","37,4","VA","1"
"10008","Monza - Parco","05/02/2025 00:00","18,0","VA","1"
"10008","Monza - Parco","06/02/2025 00:00","37,4","VA","1"
"10008","Monza - Parco","07/02/2025 00:00","26,8","VA","1"
"10008","Monza - Parco","08/02/2025 00:00","30,8","VA","1"
"10008","Monza - Parco","09/02/2025 00:00","31,4","VA","1"
"10008","Monza - Parco","10/02/2025 00:00","36,5","VA","1"
"10008","Monza - Parco","11/02/2025 00:00","24,2","VA","1"
"10008","Monza - Parco","12/02/2025 00:00","-9999","NA","1"
"10008","Monza - Parco","13/02/2025 00:00","29,3","VA","1"
"10008","Monza - Parco","14/02/2025 00:00","29,4","VA","1"
"10008","Monza - Parco","15/02/2025 00:00","32,6","VA","1"
"10008","Monza - Parco","16/02/2025 00:00","31,3","VA","1"
"10008","Monza - Parco","17/02/2025 00:00","35,5","VA","1"
"10008","Monza - Parco","18/02/2025 00:00","36,0","VA","1"
"10008","Monza - Parco","19/02/2025 00:00","28,5","VA","1"
"10008","Monza - Parco","20/02/2025 00:00","25,8","VA","1"
"10008","Monza - Parco","21/02/2025 00:00","18,6","VA","1"
"10008","Monza - Parco","22/02/2025 00:00","36,1","VA","1"
"10008","Monza - Parco","23/02/2025 00:00","29,1","VA","1"
"10008","Monza - Parco","24/02/2025 00:00","19,3","VA","1"
"10008","Monza - Parco","25/02/2025 00:00","22,4","VA","1"
"10008","Monza - Parco","26/02/2025 00:00","18,0","VA","1"
"10008","Monza - Parco","27/02/2025 00:00","18,0","VA","1"
"10008","Monza - Parco","28/02/2025 00:00","18,0","VA","1"
"10008","Monza - Parco","01/03/2025 00:00","52,3","VA","1"
"10008","Monza - Parco","02/03/2025 00:00","34,2","VA","1"
"10008","Monza - Parco","03/03/2025 00:00","54,8","VA","1"
"10008","Monza - Parco","04/03/2025 00:00","35,7","VA","1"
"10008","Monza - Parco","05/03/2025 00:00","40,0","VA","1"
"10008","Monza - Parco","06/03/2025 00:00","41,2","VA","1"
"10008","Monza - Parco","07/03/2025 00:00","32,3","VA","1"
"10008","Monza - Parco","08/03/2025 00:00","51,4","VA","1"
"10008","Monza - Parco","09/03/2025 00:00","48,6","VA","1"
"10008","Monza - Parco","10/03/2025 00:00","51,7","VA","1"
"10008","Monza - Parco","11/03/2025 00:00","46,8","VA","1"
"10008","Monza - Parco","12/03/2025 00:00","56,0","VA","1"
"10008","Monza - Parco","13/03/2025 00:00","37,7","VA","1"
"10008","Monza - Parco","14/03/2025 00:00","49,5","VA","1"
"10008","Monza - Parco","15/03/2025 00:00","43,2","VA","1"
"10008","Monza - Parco","16/03/2025 00:00","39,1","VA","1"
"10008","Monza - Parco","17/03/2025 00:00","54,6","VA","1"
"10008","Monza - Parco","18/03/2025 00:00","54,3","VA","1"
"10008","Monza - Parco","19/03/2025 00:00","35,9","VA","1"
"10008","Monza - Parco","20/03/2025 00:00","53,7","VA","1"
"10008","Monza - Parco","21/03/2025 00:00","39,9","VA","1"
"10008","Monza - Parco","22/03/2025 00:00","44,4","VA","1"
"10008","Monza - Parco","23/03/2025 00:00","39,7","VA","1"
"10008","Monza - Parco","24/03/2025 00:00","47,6","VA","1"
"10008","Monza - Parco","25/03/2025 00:00","49,4","VA","1"
"10008","Monza - Parco","26/03/2025 00:00","47,6","VA","1"
"10008","Monza - Parco","27/03/2025 00:00","32,7","VA","1"
"10008","Monza - Parco","28/03/2025 00:00","53,2","VA","1"
"10008","Monza - Parco","29/03/2025 00:00","53,7","VA","1"
"10008","Monza - Parco","30/03/2025 00:00","36,2","VA","1"
"10008","Monza - Parco","31/03/2025 00:00","33,3","VA","1"
"10008","Monza - Parco","01/04/2025 00:00","68,9","VA","1"
"10008","Monza - Parco","02/04/2025 00:00","74,9","VA","1"
"10008","Monza - Parco","03/04/2025 00:00","64,9","VA","1"
"10008","Monza - Parco","04/04/2025 00:00","65,1","VA","1"
"10008","Monza - Parco","05/04/2025 00:00","83,3","VA","1"
"10008","Monza - Parco","06/04/2025 00:00","61,5","VA","1"
"10008","Monza - Parco","07/04/2025 00:00","64,2","VA","1"
"10008","Monza - Parco","08/04/2025 00:00","70,9","VA","1"
"10008","Monza - Parco","09/04/2025 00:00","83,0","VA","1"
"10008","Monza - Parco","10/04/2025 00:00","62,2","VA","1"
"10008","Monza - Parco","11/04/2025 00:00","58,9","VA","1"
"10008","Monza - Parco","12/04/2025 00:00","68,2","VA","1"
"10008","Monza - Parco","13/04/2025 00:00","61,4","VA","1"
"10008","Monza - Parco","14/04/2025 00:00","79,0","VA","1"
"10008","Monza - Parco","15/04/2025 00:00","65,0","VA","1"
"10008","Monza - Parco","16/04/2025 00:00","60,6","VA","1"
"10008","Monza - Parco","17/04/2025 00:00","67,7","VA","1"
"10008","Monza - Parco","18/04/2025 00:00","72,8","VA","1"
"10008","Monza - Parco","19/04/2025 00:00","83,1","VA","1"
"10008","Monza - Parco","20/04/2025 00:00","68,8","VA","1"
"10008","Monza - Parco","21/04/2025 00:00","79,7","VA","1"
"10008","Monza - Parco","22/04/2025 00:00","65,3","VA","1"
"10008","Monza - Parco","23/04/2025 00:00","82,8","VA","1"
"10008","Monza - Parco","24/04/2025 00:00","66,4","VA","1"
"10008","Monza - Parco","25/04/2025 00:00","67,1","VA","1"
"10008","Monza - Parco","26/04/2025 00:00","81,9","VA","1"
"10008","Monza - Parco","27/04/2025 00:00","63,3","VA","1"
"10008","Monza - Parco","28/04/2025 00:00","80,2","VA","1"
"10008","Monza - Parco","29/04/2025 00:00","59,5","VA","1"
"10008","Monza - Parco","30/04/2025 00:00","73,0","VA","1"
"10008","Monza - Parco","01/05/2025 00:00","94,7","VA","1"
"10008","Monza - Parco","02/05/2025 00:00","106,1","VA","1"
"10008","Monza - Parco","03/05/2025 00:00","97,5","VA","1"
"10008","Monza - Parco","04/05/2025 00:00","89,2","VA","1"
"10008","Monza - Parco","05/05/2025 00:00","87,6","VA","1"
"10008","Monza - Parco","06/05/2025 00:00","97,0","VA","1"
"10008","Monza - Parco","07/05/2025 00:00","87,2","VA","1"
"10008","Monza - Parco","08/05/2025 00:00","98,0","VA","1"
"10008","Monza - Parco","09/05/2025 00:00","102,2","VA","1"
"10008","Monza - Parco","10/05/2025 00:00","93,7","VA","1"
"10008","Monza - Parco","11/05/2025 00:00","101,1","VA","1"
"10008","Monza - Parco","12/05/2025 00:00","86,0","VA","1"
"10008","Monza - Parco","13/05/2025 00:00","89,5","VA","1"
"10008","Monza - Parco","14/05/2025 00:00","87,9","VA","1"
"10008","Monza - Parco","15/05/2025 00:00","109,1","VA","1"
"10008","Monza - Parco","16/05/2025 00:00","87,0","VA","1"
"10008","Monza - Parco","17/05/2025 00:00","85,7","VA","1"
"10008","Monza - Parco","18/05/2025 00:00","98,6","VA","1"
"10008","Monza - Parco","19/05/2025 00:00","90,5","VA","1"
"10008","Monza - Parco","20/05/2025 00:00","106,9","VA","1"
"10008","Monza - Parco","21/05/2025 00:00","85,5","VA","1"
"10008","Monza - Parco","22/05/2025 00:00","107,0","VA","1"
"10008","Monza - Parco","23/05/2025 00:00","94,0","VA","1"
"10008","Monza - Parco","24/05/2025 00:00","106,2","VA","1"
"10008","Monza - Parco","25/05/2025 00:00","98,4","VA","1"
"10008","Monza - Parco","26/05/2025 00:00","86,6","VA","1"
"10008","Monza - Parco","27/05/2025 00:00","90,7","VA","1"
"10008","Monza - Parco","28/05/2025 00:00","104,6","VA","1"
"10008","Monza - Parco","29/05/2025 00:00","89,4","VA","1"
"10008","Monza - Parco","30/05/2025 00:00","109,1","VA","1"
"10008","Monza - Parco","31/05/2025 00:00","109,4","VA","1"
"10008","Monza - Parco","01/06/2025 00:00","125,0","VA","1"
"10008","Monza - Parco","02/06/2025 00:00","117,0","VA","1"
"10008","Monza - Parco","03/06/2025 00:00","125,0","VA","1"
"10008","Monza - Parco","04/06/2025 00:00","111,5","VA","1"
"10008","Monza - Parco","05/06/2025 00:00","107,0","VA","1"
"10008","Monza - Parco","06/06/2025 00:00","109,0","VA","1"
"10008","Monza - Parco","07/06/2025 00:00","111,5","VA","1"
"10008","Monza - Parco","08/06/2025 00:00","122,8","VA","1"
"10008","Monza - Parco","09/06/2025 00:00","112,7","VA","1"
"10008","Monza - Parco","10/06/2025 00:00","116,5","VA","1"
"10008","Monza - Parco","11/06/2025 00:00","106,7","VA","1"
"10008","Monza - Parco","12/06/2025 00:00","106,7","VA","1"
"10008","Monza - Parco","13/06/2025 00:00","115,5","VA","1"
"10008","Monza - Parco","14/06/2025 00:00","121,7","VA","1"
"10008","Monza - Parco","15/06/2025 00:00","118,0","VA","1"
"10008","Monza - Parco","16/06/2025 00:00","125,0","VA","1"
"10008","Monza - Parco","17/06/2025 00:00","117,7","VA","1"
"10008","Monza - Parco","18/06/2025 00:00","119,3","VA","1"
"10008","Monza - Parco","19/06/2025 00:00","117,0","VA","1"
"10008","Monza - Parco","20/06/2025 00:00","119,1","VA","1"
"10008","Monza - Parco","21/06/2025 00:00","110,1","VA","1"
"10008","Monza - Parco","22/06/2025 00:00","114,0","VA","1"
"10008","Monza - Parco","23/06/2025 00:00","125,0","VA","1"
"10008","Monza - Parco","24/06/2025 00:00","111,0","VA","1"
"10008","Monza - Parco","25/06/2025 00:00","124,4","VA","1"
"10008","Monza - Parco","26/06/2025 00:00","125,0","VA","1"
"10008","Monza - Parco","27/06/2025 00:00","115,9","VA","1"
"10008","Monza - Parco","28/06/2025 00:00","117,5","VA","1"
"10008","Monza - Parco","29/06/2025 00:00","110,3","VA","1"
"10008","Monza - Parco","30/06/2025 00:00","105,8","VA","1"
"10008","Monza - Parco","01/07/2025 00:00","-9999","NA","1"
"10008","Monza - Parco","02/07/2025 00:00","121,8","VA","1"
"10008","Monza - Parco","03/07/2025 00:00","113,7","VA","1"
"10008","Monza - Parco","04/07/2025 00:00","117,3","VA","1"
"10008","Monza - Parco","05/07/2025 00:00","125,0","VA","1"
"10008","Monza - Parco","06/07/2025 00:00","125,0","VA","1"
"10008","Monza - Parco","07/07/2025 00:00","125,0","VA","1"
"10008","Monza - Parco","08/07/2025 00:00","115,9","VA","1"
"10008","Monza - Parco","09/07/2025 00:00","125,0","VA","1"
"10008","Monza - Parco","10/07/2025 00:00","119,2","VA","1"
"10008","Monza - Parco","11/07/2025 00:00","122,8","VA","1"
"10008","Monza - Parco","12/07/2025 00:00","118,8","VA","1"
"10008","Monza - Parco","13/07/2025 00:00","122,8","VA","1"
"10008","Monza - Parco","14/07/2025 00:00","123,1","VA","1"
"10008","Monza - Parco","15/07/2025 00:00","122,7","VA","1"
"10008","Monza - Parco","16/07/2025 00:00","125,0","VA","1"
"10008","Monza - Parco","17/07/2025 00:00","120,7","VA","1"
"10008","Monza - Parco","18/07/2025 00:00","116,3","VA","1"
"10008","Monza - Parco","19/07/2025 00:00","125,0","VA","1"
"10008","Monza - Parco","20/07/2025 00:00","113,2","VA","1"
"10008","Monza - Parco","21/07/2025 00:00","121,3","VA","1"
"10008","Monza - Parco","22/07/2025 00:00","-9999","NA","1"
"10008","Monza - Parco","23/07/2025 00:00","114,3","VA","1"
"10008","Monza - Parco","24/07/2025 00:00","125,0","VA","1"
"10008","Monza - Parco","25/07/2025 00:00","121,7","VA","1"
"10008","Monza - Parco","26/07/2025 00:00","125,0","VA","1"
"10008","Monza - Parco","27/07/2025 00:00","125,0","VA","1"
"10008","Monza - Parco","28/07/2025 00:00","125,0","VA","1"
"10008","Monza - Parco","29/07/2025 00:00","119,5","VA","1"
"10008","Monza - Parco","30/07/2025 00:00","125,0","VA","1"
"10008","Monza - Parco","31/07/2025 00:00","125,0","VA","1"
"10008","Monza - Parco","01/08/2025 00:00","106,6","VA","1"
"10008","Monza - Parco","02/08/2025 00:00","119,2","VA","1"
"10008","Monza - Parco","03/08/2025 00:00","123,0","VA","1"
"10008","Monza - Parco","04/08/2025 00:00","122,0","VA","1"
"10008","Monza - Parco","05/08/2025 00:00","114,8","VA","1"
"10008","Monza - Parco","06/08/2025 00:00","108,7","VA","1"
"10008","Monza - Parco","07/08/2025 00:00","114,8","VA","1"
"10008","Monza - Parco","08/08/2025 00:00","109,5","VA","1"
"10008","Monza - Parco","09/08/2025 00:00","125,0","VA","1"
"10008","Monza - Parco","10/08/2025 00:00","125,0","VA","1"
"10008","Monza - Parco","11/08/2025 00:00","107,2","VA","1"
"10008","Monza - Parco","12/08/2025 00:00","123,5","VA","1"
"10008","Monza - Parco","13/08/2025 00:00","120,8","VA","1"
"10008","Monza - Parco","14/08/2025 00:00","125,0","VA","1"
"10008","Monza - Parco","15/08/2025 00:00","111,1","VA","1"
"10008","Monza - Parco","16/08/2025 00:00","125,0","VA","1"
"10008","Monza - Parco","17/08/2025 00:00","117,4","VA","1"
"10008","Monza - Parco","18/08/2025 00:00","125,0","VA","1"
"10008","Monza - Parco","19/08/2025 00:00","125,0","VA","1"
"10008","Monza - Parco","20/08/2025 00:00","105,3","VA","1"
"10008","Monza - Parco","21/08/2025 00:00","125,0","VA","1"
"10008","Monza - Parco","22/08/2025 00:00","125,0","VA","1"
"10008","Monza - Parco","23/08/2025 00:00","122,7","VA","1"
"10008","Monza - Parco","24/08/2025 00:00","121,4","VA","1"
"10008","Monza - Parco","25/08/2025 00:00","114,7","VA","1"
"10008","Monza - Parco","26/08/2025 00:00","113,9","VA","1"
"10008","Monza - Parco","27/08/2025 00:00","124,6","VA","1"
"10008","Monza - Parco","28/08/2025 00:00","106,7","VA","1"
"10008","Monza - Parco","29/08/2025 00:00","125,0","VA","1"
"10008","Monza - Parco","30/08/2025 00:00","109,5","VA","1"
"10008","Monza - Parco","31/08/2025 00:00","105,8","VA","1"
"10008","Monza - Parco","01/09/2025 00:00","89,4","VA","1"
"10008","Monza - Parco","02/09/2025 00:00","87,0","VA","1"
"10008","Monza - Parco","03/09/2025 00:00","105,6","VA","1"
"10008","Monza - Parco","04/09/2025 00:00","104,0","VA","1"
"10008","Monza - Parco","05/09/2025 00:00","87,2","VA","1"
"10008","Monza - Parco","06/09/2025 00:00","96,0","VA","1"
"10008","Monza - Parco","07/09/2025 00:00","104,5","VA","1"
"10008","Monza - Parco","08/09/2025 00:00","103,6","VA","1"
"10008","Monza - Parco","09/09/2025 00:00","100,0","VA","1"
"10008","Monza - Parco","10/09/2025 00:00","101,2","VA","1"
"10008","Monza - Parco","11/09/2025 00:00","95,7","VA","1"
"10008","Monza - Parco","12/09/2025 00:00","110,8","VA","1"
"10008","Monza - Parco","13/09/2025 00:00","88,2","VA","1"
"10008","Monza - Parco","14/09/2025 00:00","101,9","VA","1"
"10008","Monza - Parco","15/09/2025 00:00","96,7","VA","1"
"10008","Monza - Parco","16/09/2025 00:00","94,9","VA","1"
"10008","Monza - Parco","17/09/2025 00:00","90,2","VA","1"
"10008","Monza - Parco","18/09/2025 00:00","102,1","VA","1"
"10008","Monza - Parco","19/09/2025 00:00","99,4","VA","1"
"10008","Monza - Parco","20/09/2025 00:00","91,6","VA","1"
"10008","Monza - Parco","21/09/2025 00:00","86,9","VA","1"
"10008","Monza - Parco","22/09/2025 00:00","-9999","NA","1"
"10008","Monza - Parco","23/09/2025 00:00","102,8","VA","1"
"10008","Monza - Parco","24/09/2025 00:00","103,2","VA","1"
"10008","Monza - Parco","25/09/2025 00:00","94,0","VA","1"
"10008","Monza - Parco","26/09/2025 00:00","102,4","VA","1"
"10008","Monza - Parco","27/09/2025 00:00","92,6","VA","1"
"10008","Monza - Parco","28/09/2025 00:00","94,5","VA","1"
"10008","Monza - Parco","29/09/2025 00:00","101,2","VA","1"
"10008","Monza - Parco","30/09/2025 00:00","94,6","VA","1"
"10008","Monza - Parco","01/10/2025 00:00","59,9","VA","1"
"10008","Monza - Parco","02/10/2025 00:00","64,8","VA","1"
"10008","Monza - Parco","03/10/2025 00:00","82,8","VA","1"
"10008","Monza - Parco","04/10/2025 00:00","82,0","VA","1"
"10008","Monza - Parco","05/10/2025 00:00","76,7","VA","1"
"10008","Monza - Parco","06/10/2025 00:00","73,5","VA","1"
"10008","Monza - Parco","07/10/2025 00:00","81,9","VA","1"
"10008","Monza - Parco","08/10/2025 00:00","65,9","VA","1"
"10008","Monza - Parco","09/10/2025 00:00","71,5","VA","1"
"10008","Monza - Parco","10/10/2025 00:00","63,4","VA","1"
"10008","Monza - Parco","11/10/2025 00:00","66,9","VA","1"
"10008","Monza - Parco","12/10/2025 00:00","59,3","VA","1"
"10008","Monza - Parco","13/10/2025 00:00","66,2","VA","1"
"10008","Monza - Parco","14/10/2025 00:00","83,5","VA","1"
"10008","Monza - Parco","15/10/2025 00:00","77,7","VA","1"
"10008","Monza - Parco","16/10/2025 00:00","77,1","VA","1"
"10008","Monza - Parco","17/10/2025 00:00","67,0","VA","1"
"10008","Monza - Parco","18/10/2025 00:00","59,0","VA","1"
"10008","Monza - Parco","19/10/2025 00:00","59,3","VA","1"
"10008","Monza - Parco","20/10/2025 00:00","74,1","VA","1"
"10008","Monza - Parco","21/10/2025 00:00","66,9","VA","1"
"10008","Monza - Parco","22/10/2025 00:00","67,6","VA","1"
"10008","Monza - Parco","23/10/2025 00:00","80,5","VA","1"
"10008","Monza - Parco","24/10/2025 00:00","70,8","VA","1"
"10008","Monza - Parco","25/10/2025 00:00","59,0","VA","1"
"10008","Monza - Parco","26/10/2025 00:00","60,6","VA","1"
"10008","Monza - Parco","27/10/2025 00:00","66,2","VA","1"
"10008","Monza - Parco","28/10/2025 00:00","81,6","VA","1"
"10008","Monza - Parco","29/10/2025 00:00","63,0","VA","1"
"10008","Monza - Parco","30/10/2025 00:00","69,3","VA","1"
"10008","Monza - Parco","31/10/2025 00:00","65,2","VA","1"
"10008","Monza - Parco","01/11/2025 00:00","40,5","VA","1"
"10008","Monza - Parco","02/11/2025 00:00","57,0","VA","1"
"10008","Monza - Parco","03/11/2025 00:00","37,6","VA","1"
"10008","Monza - Parco","04/11/2025 00:00","55,5","VA","1"
"10008","Monza - Parco","05/11/2025 00:00","51,8","VA","1"
"10008","Monza - Parco","06/11/2025 00:00","41,7","VA","1"
"10008","Monza - Parco","07/11/2025 00:00","32,0","VA","1"
"10008","Monza - Parco","08/11/2025 00:00","42,5","VA","1"
"10008","Monza - Parco","09/11/2025 00:00","39,3","VA","1"
"10008","Monza - Parco","10/11/2025 00:00","55,9","VA","1"
"10008","Monza - Parco","11/11/2025 00:00","-9999","NA","1"
"10008","Monza - Parco","12/11/2025 00:00","46,8","VA","1"
"10008","Monza - Parco","13/11/2025 00:00","38,5","VA","1"
"10008","Monza - Parco","14/11/2025 00:00","54,4","VA","1"
"10008","Monza - Parco","15/11/2025 00:00","-9999","NA","1"
"10008","Monza - Parco","16/11/2025 00:00","-9999","NA","1"
"10008","Monza - Parco","17/11/2025 00:00","53,6","VA","1"
"10008","Monza - Parco","18/11/2025 00:00","53,6","VA","1"
"10008","Monza - Parco","19/11/2025 00:00","55,4","VA","1"
"10008","Monza - Parco","20/11/2025 00:00","44,8","VA","1"
"10008","Monza - Parco","21/11/2025 00:00","43,2","VA","1"
"10008","Monza - Parco","22/11/2025 00:00","-9999","NA","1"
"10008","Monza - Parco","23/11/2025 00:00","46,7","VA","1"
"10008","Monza - Parco","24/11/2025 00:00","50,1","VA","1"
"10008","Monza - Parco","25/11/2025 00:00","45,1","VA","1"
"10008","Monza - Parco","26/11/2025 00:00","40,3","VA","1"
"10008","Monza - Parco","27/11/2025 00:00","41,0","VA","1"
"10008","Monza - Parco","28/11/2025 00:00","46,3","VA","1"
"10008","Monza - Parco","29/11/2025 00:00","38,4","VA","1"
"10008","Monza - Parco","30/11/2025 00:00","46,4","VA","1"
"10008","Monza - Parco","01/12/2025 00:00","24,8","VA","1"
"10008","Monza - Parco","02/12/2025 00:00","29,9","VA","1"
"10008","Monza - Parco","03/12/2025 00:00","32,8","VA","1"
"10008","Monza - Parco","04/12/2025 00:00","31,0","VA","1"
"10008","Monza - Parco","05/12/2025 00:00","29,5","VA","1"
"10008","Monza - Parco","06/12/2025 00:00","29,5","VA","1"
"10008","Monza - Parco","07/12/2025 00:00","21,7","VA","1"
"10008","Monza - Parco","08/12/2025 00:00","18,0","VA","1"
"10008","Monza - Parco","09/12/2025 00:00","23,3","VA","1"
"10008","Monza - Parco","10/12/2025 00:00","18,0","VA","1"
"10008","Monza - Parco","11/12/2025 00:00","27,7","VA","1"
"10008","Monza - Parco","12/12/2025 00:00","31,0","VA","1"
"10008","Monza - Parco","13/12/2025 00:00","21,7","VA","1"
"10008","Monza - Parco","14/12/2025 00:00","29,2","VA","1"
"10008","Monza - Parco","15/12/2025 00:00","19,9","VA","1"
"10008","Monza - Parco","16/12/2025 00:00","18,0","VA","1"
"10008","Monza - Parco","17/12/2025 00:00","19,3","VA","1"
"10008","Monza - Parco","18/12/2025 00:00","31,6","VA","1"
"10008","Monza - Parco","19/12/2025 00:00","33,6","VA","1"
"10008","Monza - Parco","20/12/2025 00:00","18,0","VA","1"
"10008","Monza - Parco","21/12/2025 00:00","18,0","VA","1"
"10008","Monza - Parco","22/12/2025 00:00","18,0","VA","1"
"10008","Monza - Parco","23/12/2025 00:00","18,3","VA","1"
"10008","Monza - Parco","24/12/2025 00:00","18,9","VA","1"
"10008","Monza - Parco","25/12/2025 00:00","34,8","VA","1"
"10008","Monza - Parco","26/12/2025 00:00","18,4","VA","1"
"10008","Monza - Parco","27/12/2025 00:00","18,5","VA","1"
"10008","Monza - Parco","28/12/2025 00:00","18,0","VA","1"
"10008","Monza - Parco","29/12/2025 00:00","18,0","VA","1"
"10008","Monza - Parco","30/12/2025 00:00","18,0","VA","1"
"10008","Monza - Parco","31/12/2025 00:00","25,4","VA","1"
"10009","Bergamo - Via Garibaldi","01/01/2025 00:00","89,2","VA","1"
"10009","Bergamo - Via Garibaldi","02/01/2025 00:00","95,0","VA","1"
"10009","Bergamo - Via Garibaldi","03/01/2025 00:00","91,8","VA","1"
"10009","Bergamo - Via Garibaldi","04/01/2025 00:00","88,0","VA","1"
"10009","Bergamo - Via Garibaldi","05/01/2025 00:00","87,4","VA","1"
"10009","Bergamo - Via Garibaldi","06/01/2025 00:00","95,0","VA","1"
"10009","Bergamo - Via Garibaldi","07/01/2025 00:00","87,0","VA","1"
"10009","Bergamo - Via Garibaldi","08/01/2025 00:00","94,9","VA","1"
"10009","Bergamo - Via Garibaldi","08/01/2025 00:00","94,9","VA","1"
"10009","Bergamo - Via Garibaldi","09/01/2025 00:00","89,6","VA","1"
"10009","Bergamo - Via Garibaldi","10/01/2025 00:00","90,2","VA","1"
"10009","Bergamo - Via Garibaldi","11/01/2025 00:00","95,0","VA","1"
"10009","Bergamo - Via Garibaldi","12/01/2025 00:00","95,0","VA","1"
"10009","Bergamo - Via Garibaldi","13/01/2025 00:00","95,0","VA","1"
"10009","Bergamo - Via Garibaldi","14/01/2025 00:00","95,0","VA","1"
"10009","Bergamo - Via Garibaldi","15/01/2025 00:00","95,0","VA","1"
"10009","Bergamo - Via Garibaldi","16/01/2025 00:00","95,0","VA","1"
"10009","Bergamo - Via Garibaldi","17/01/2025 00:00","95,0","VA","1"
"10009","Bergamo - Via Garibaldi","18/01/2025 00:00","91,3","VA","1"
"10009","Bergamo - Via Garibaldi","19/01/2025 00:00","90,3","VA","1"
"10009","Bergamo - Via Garibaldi","20/01/2025 00:00","85,3","VA","1"
"10009","Bergamo - Via Garibaldi","20/01/2025 00:00","85,3","VA","1"
"10009","Bergamo - Via Garibaldi","21/01/2025 00:00","90,1","VA","1"
"10009","Bergamo - Via Garibaldi","21/01/2025 00:00","90,1","VA","1"
"10009","Bergamo - Via Garibaldi","22/01/2025 00:00","88,8","VA","1"
"10009","Bergamo - Via Garibaldi","23/01/2025 00:00","90,4","VA","1"
"10009","Bergamo - Via Garibaldi","24/01/2025 00:00","90,7","VA","1"
"10009","Bergamo - Via Garibaldi","25/01/2025 00:00","95,0","VA","1"
"10009","Bergamo - Via Garibaldi","26/01/2025 00:00","95,0","VA","1"
"10009","Bergamo - Via Garibaldi","27/01/2025 00:00","95,0","VA","1"
"10009","Bergamo - Via Garibaldi","28/01/2025 00:00","93,4","VA","1"
"10009","Bergamo - Via Garibaldi","29/01/2025 00:00","88,2","VA","1"
"10009","Bergamo - Via Garibaldi","29/01/2025 00:00","88,2","VA","1"
"10009","Bergamo - Via Garibaldi","30/01/2025 00:00","92,7","VA","1"
"10009","Bergamo - Via Garibaldi","31/01/2025 00:00","95,0","VA","1"
"10009","Bergamo - Via Garibaldi","01/02/2025 00:00","90,4","VA","1"
"10009","Bergamo - Via Garibaldi","02/02/2025 00:00","84,8","VA","1"
"10009","Bergamo - Via Garibaldi","03/02/2025 00:00","94,5","VA","1"
"10009","Bergamo - Via Garibaldi","04/02/2025 00:00","79,7","VA","1"
"10009","Bergamo - Via Garibaldi","05/02/2025 00:00","95,0","VA","1"
"10009","Bergamo - Via Garibaldi","06/02/2025 00:00","93,2","VA","1"
"10009","Bergamo - Via Garibaldi","06/02/2025 00:00","93,2","VA","1"
"10009","Bergamo - Via Garibaldi","07/02/2025 00:00","85,5","VA","1"
"10009","Bergamo - Via Garibaldi","08/02/2025 00:00","82,1","VA","1"
"10009","Bergamo - Via Garibaldi","09/02/2025 00:00","87,8","VA","1"
"10009","Bergamo - Via Garibaldi","10/02/2025 00:00","82,7","VA","1"
"10009","Bergamo - Via Garibaldi","11/02/2025 00:00","82,1","VA","1"
"10009","Bergamo - Via Garibaldi","12/02/2025 00:00","86,8","VA","1"
"10009","Bergamo - Via Garibaldi","13/02/2025 00:00","92,1","VA","1"
"10009","Bergamo - Via Garibaldi","14/02/2025 00:00","85,4","VA","1"
"10009","Bergamo - Via Garibaldi","15/02/2025 00:00","-9999","NA","1"
"10009","Bergamo - Via Garibaldi","16/02/2025 00:00","91,0","VA","1"
"10009","Bergamo - Via Garibaldi","17/02/2025 00:00","87,2","VA","1"
"10009","Bergamo - Via Garibaldi","17/02/2025 00:00","87,2","VA","1"
"10009","Bergamo - Via Garibaldi","18/02/2025 00:00","80,2","VA","1"
"10009","Bergamo - Via Garibaldi","19/02/2025 00:00","95,0","VA","1"
"10009","Bergamo - Via Garibaldi","20/02/2025 00:00","85,7","VA","1"
"10009","Bergamo - Via Garibaldi","21/02/2025 00:00","91,4","VA","1"
"10009","Bergamo - Via Garibaldi","22/02/2025 00:00","-9999","NA","1"
"10009","Bergamo - Via Garibaldi","23/02/2025 00:00","86,3","VA","1"
"10009","Bergamo - Via Garibaldi","24/02/2025 00:00","95,0","VA","1"
"10009","Bergamo - Via Garibaldi","25/02/2025 00:00","84,9","VA","1"
"10009","Bergamo - Via Garibaldi","26/02/2025 00:00","92,8","VA","1"
"10009","Bergamo - Via Garibaldi","26/02/2025 00:00","92,8","VA","1"
"10009","Bergamo - Via Garibaldi","27/02/2025 00:00","93,7","VA","1"
"10009","Bergamo - Via Garibaldi","28/02/2025 00:00","95,0","VA","1"
"10009","Bergamo - Via Garibaldi","01/03/2025 00:00","66,6","VA","1"
"10009","Bergamo - Via Garibaldi","02/03/2025 00:00","80,7","VA","1"
"10009","Bergamo - Via Garibaldi","03/03/2025 00:00","82,6","VA","1"
"10009","Bergamo - Via Garibaldi","04/03/2025 00:00","83,2","VA","1"
"10009","Bergamo - Via Garibaldi","04/03/2025 00:00","83,2","VA","1"
"10009","Bergamo - Via Garibaldi","05/03/2025 00:00","77,9","VA","1"
"10009","Bergamo - Via Garibaldi","06/03/2025 00:00","75,1","VA","1"
"10009","Bergamo - Via Garibaldi","07/03/2025 00:00","76,9","VA","1"
"10009","Bergamo - Via Garibaldi","08/03/2025 00:00","83,9","VA","1"
"10009","Bergamo - Via Garibaldi","09/03/2025 00:00","72,3","VA","1"
"10009","Bergamo - Via Garibaldi","10/03/2025 00:00","67,4","VA","1"
"10009","Bergamo - Via Garibaldi","11/03/2025 00:00","81,5","VA","1"
"10009","Bergamo - Via Garibaldi","12/03/2025 00:00","66,5","VA","1"
"10009","Bergamo - Via Garibaldi","13/03/2025 00:00","69,8","VA","1"
"10009","Bergamo - Via Garibaldi","14/03/2025 00:00","73,9","VA","1"
"10009","Bergamo - Via Garibaldi","15/03/2025 00:00","78,0","VA","1"
"10009","Bergamo - Via Garibaldi","16/03/2025 00:00","73,3","VA","1"
"10009","Bergamo - Via Garibaldi","17/03/2025 00:00","79,8","VA","1"
"10009","Bergamo - Via Garibaldi","18/03/2025 00:00","-9999","NA","1"
"10009","Bergamo - Via Garibaldi","19/03/2025 00:00","72,4","VA","1"
"10009","Bergamo - Via Garibaldi","20/03/2025 00:00","66,3","VA","1"
"10009","Bergamo - Via Garibaldi","21/03/2025 00:00","66,6","VA","1"
"10009","Bergamo - Via Garibaldi","22/03/2025 00:00","77,8","VA","1"
"10009","Bergamo - Via Garibaldi","23/03/2025 00:00","80,4","VA","1"
"10009","Bergamo - Via Garibaldi","24/03/2025 00:00","68,6","VA","1"
"10009","Bergamo - Via Garibaldi","25/03/2025 00:00","78,3","VA","1"
"10009","Bergamo - Via Garibaldi","26/03/2025 00:00","80,3","VA","1"
"10009","Bergamo - Via Garibaldi","27/03/2025 00:00","72,8","VA","1"
"10009","Bergamo - Via Garibaldi","28/03/2025 00:00","76,4","VA","1"
"10009","Bergamo - Via Garibaldi","29/03/2025 00:00","80,3","VA","1"
"10009","Bergamo - Via Garibaldi","30/03/2025 00:00","80,6","VA","1"
"10009","Bergamo - Via Garibaldi","31/03/2025 00:00","75,2","VA","1"
"10009","Bergamo - Via Garibaldi","01/04/2025 00:00","60,7","VA","1"
"10009","Bergamo - Via Garibaldi","02/04/2025 00:00","51,6","VA","1"
"10009","Bergamo - Via Garibaldi","03/04/2025 00:00","63,2","VA","1"
"10009","Bergamo - Via Garibaldi","04/04/2025 00:00","45,3","VA","1"
"10009","Bergamo - Via Garibaldi","05/04/2025 00:00","45,1","VA","1"
"10009","Bergamo - Via Garibaldi","06/04/2025 00:00","46,2","VA","1"
"10009","Bergamo - Via Garibaldi","07/04/2025 00:00","46,6","VA","1"
"10009","Bergamo - Via Garibaldi","08/04/2025 00:00","53,0","VA","1"
"10009","Bergamo - Via Garibaldi","09/04/2025 00:00","53,5","VA","1"
"10009","Bergamo - Via Garibaldi","10/04/2025 00:00","62,0","VA","1"
"10009","Bergamo - Via Garibaldi","11/04/2025 00:00","48,0","VA","1"
"10009","Bergamo - Via Garibaldi","12/04/2025 00:00","54,1","VA","1"
"10009","Bergamo - Via Garibaldi","13/04/2025 00:00","50,8","VA","1"
"10009","Bergamo - Via Garibaldi","14/04/2025 00:00","59,4","VA","1"
"10009","Bergamo - Via Garibaldi","15/04/2025 00:00","50,9","VA","1"
"10009","Bergamo - Via Garibaldi","16/04/2025 00:00","43,9","VA","1"
"10009","Bergamo - Via Garibaldi","17/04/2025 00:00","43,8","VA","1"
"10009","Bergamo - Via Garibaldi","17/04/2025 00:00","43,8","VA","1"
"10009","Bergamo - Via Garibaldi","18/04/2025 00:00","45,1","VA","1"
"10009","Bergamo - Via Garibaldi","19/04/2025 00:00","56,2","VA","1"
"10009","Bergamo - Via Garibaldi","20/04/2025 00:00","62,3","VA","1"
"10009","Bergamo - Via Garibaldi","21/04/2025 00:00","56,1","VA","1"
"10009","Bergamo - Via Garibaldi","22/04/2025 00:00","49,4","VA","1"
"10009","Bergamo - Via Garibaldi","23/04/2025 00:00","46,7","VA","1"
"10009","Bergamo - Via Garibaldi","24/04/2025 00:00","54,2","VA","1"
"10009","Bergamo - Via Garibaldi","25/04/2025 00:00","55,5","VA","1"
"10009","Bergamo - Via Garibaldi","26/04/2025 00:00","50,4","VA","1"
"10009","Bergamo - Via Garibaldi","27/04/2025 00:00","44,8","VA","1"
"10009","Bergamo - Via Garibaldi","28/04/2025 00:00","48,2","VA","1"
"10009","Bergamo - Via Garibaldi","29/04/2025 00:00","47,0","VA","1"
"10009","Bergamo - Via Garibaldi","30/04/2025 00:00","45,6","VA","1"
"10009","Bergamo - Via Garibaldi","30/04/2025 00:00","45,6","VA","1"
"10009","Bergamo - Via Garibaldi","01/05/2025 00:00","26,3","VA","1"
"10009","Bergamo - Via Garibaldi","02/05/2025 00:00","30,6","VA","1"
"10009","Bergamo - Via Garibaldi","03/05/2025 00:00","33,5","VA","1"
"10009","Bergamo - Via Garibaldi","04/05/2025 00:00","33,7","VA","1"
"10009","Bergamo - Via Garibaldi","05/05/2025 00:00","28,0","VA","1"
"10009","Bergamo - Via Garibaldi","06/05/2025 00:00","24,0","VA","1"
"10009","Bergamo - Via Garibaldi","07/05/2025 00:00","31,9","VA","1"
"10009","Bergamo - Via Garibaldi","08/05/2025 00:00","40,8","VA","1"
"10009","Bergamo - Via Garibaldi","09/05/2025 00:00","30,8","VA","1"
"10009","Bergamo - Via Garibaldi","10/05/2025 00:00","29,3","VA","1"
"10009","Bergamo - Via Garibaldi","11/05/2025 00:00","34,5","VA","1"
"10009","Bergamo - Via Garibaldi","12/05/2025 00:00","35,4","VA","1"
"10009","Bergamo - Via Garibaldi","13/05/2025 00:00","35,4","VA","1"
"10009","Bergamo - Via Garibaldi","14/05/2025 00:00","28,4","VA","1"
"10009","Bergamo - Via Garibaldi","15/05/2025 00:00","34,2","VA","1"
"10009","Bergamo - Via Garibaldi","16/05/2025 00:00","41,9","VA","1"
"10009","Bergamo - Via Garibaldi","17/05/2025 00:00","26,2","VA","1"
"10009","Bergamo - Via Garibaldi","18/05/2025 00:00","-9999","NA","1"
"10009","Bergamo - Via Garibaldi","19/05/2025 00:00","34,9","VA","1"
"10009","Bergamo - Via Garibaldi","20/05/2025 00:00","25,2","VA","1"
"10009","Bergamo - Via Garibaldi","21/05/2025 00:00","26,2","VA","1"
"10009","Bergamo - Via Garibaldi","22/05/2025 00:00","37,8","VA","1"
"10009","Bergamo - Via Garibaldi","23/05/2025 00:00","30,3","VA","1"
"10009","Bergamo - Via Garibaldi","23/05/2025 00:00","30,3","VA","1"
"10009","Bergamo - Via Garibaldi","24/05/2025 00:00","-9999","NA","1"
"10009","Bergamo - Via Garibaldi","25/05/2025 00:00","37,2","VA","1"
"10009","Bergamo - Via Garibaldi","26/05/2025 00:00","38,4","VA","1"
"10009","Bergamo - Via Garibaldi","27/05/2025 00:00","41,4","VA","1"
"10009","Bergamo - Via Garibaldi","28/05/2025 00:00","37,7","VA","1"
"10009","Bergamo - Via Garibaldi","29/05/2025 00:00","34,4","VA","1"
"10009","Bergamo - Via Garibaldi","30/05/2025 00:00","23,4","VA","1"
"10009","Bergamo - Via Garibaldi","31/05/2025 00:00","23,0","VA","1"
"10009","Bergamo - Via Garibaldi","01/06/2025 00:00","14,9","VA","1"
"10009","Bergamo - Via Garibaldi","02/06/2025 00:00","16,1","VA","1"
"10009","Bergamo - Via Garibaldi","03/06/2025 00:00","12,0","VA","1"
"10009","Bergamo - Via Garibaldi","04/06/2025 00:00","12,0","VA","1"
"10009","Bergamo - Via Garibaldi","05/06/2025 00:00","12,8","VA","1"
"10009","Bergamo - Via Garibaldi","06/06/2025 00:00","17,4","VA","1"
"10009","Bergamo - Via Garibaldi","06/06/2025 00:00","17,4","VA","1"
"10009","Bergamo - Via Garibaldi","07/06/2025 00:00","14,2","VA","1"
"10009","Bergamo - Via Garibaldi","08/06/2025 00:00","16,7","VA","1"
"10009","Bergamo - Via Garibaldi","09/06/2025 00:00","12,0","VA","1"
"10009","Bergamo - Via Garibaldi","10/06/2025 00:00","22,0","VA","1"
"10009","Bergamo - Via Garibaldi","11/06/2025 00:00","25,1","VA","1"
"10009","Bergamo - Via Garibaldi","12/06/2025 00:00","27,0","VA","1"
"10009","Bergamo - Via Garibaldi","13/06/2025 00:00","19,6","VA","1"
"10009","Bergamo - Via Garibaldi","14/06/2025 00:00","12,5","VA","1"
"10009","Bergamo - Via Garibaldi","15/06/2025 00:00","23,1","VA","1"
"10009","Bergamo - Via Garibaldi","16/06/2025 00:00","20,1","VA","1"
"10009","Bergamo - Via Garibaldi","17/06/2025 00:00","14,0","VA","1"
"10009","Bergamo - Via Garibaldi","18/06/2025 00:00","13,3","VA","1"
"10009","Bergamo - Via Garibaldi","19/06/2025 00:00","24,0","VA","1"
"10009","Bergamo - Via Garibaldi","20/06/2025 00:00","22,3","VA","1"
"10009","Bergamo - Via Garibaldi","21/06/2025 00:00","22,3","VA","1"
"10009","Bergamo - Via Garibaldi","22/06/2025 00:00","16,1","VA","1"
"10009","Bergamo - Via Garibaldi","23/06/2025 00:00","19,7","VA","1"
"10009","Bergamo - Via Garibaldi","24/06/2025 00:00","23,0","VA","1"
"10009","Bergamo - Via Garibaldi","25/06/2025 00:00","12,0","VA","1"
"10009","Bergamo - Via Garibaldi","26/06/2025 00:00","15,7","VA","1"
"10009","Bergamo - Via Garibaldi","27/06/2025 00:00","13,0","VA","1"
"10009","Bergamo - Via Garibaldi","28/06/2025 00:00","19,1","VA","1"
"10009","Bergamo - Via Garibaldi","29/06/2025 00:00","12,1","VA","1"
"10009","Bergamo - Via Garibaldi","30/06/2025 00:00","13,0","VA","1"
"10009","Bergamo - Via Garibaldi","01/07/2025 00:00","13,5","VA","1"
"10009","Bergamo - Via Garibaldi","02/07/2025 00:00","16,5","VA","1"
"10009","Bergamo - Via Garibaldi","03/07/2025 00:00","12,0","VA","1"
"10009","Bergamo - Via Garibaldi","04/07/2025 00:00","12,0","VA","1"
"10009","Bergamo - Via Garibaldi","05/07/2025 00:00","18,9","VA","1"
"10009","Bergamo - Via Garibaldi","06/07/2025 00:00","15,1","VA","1"
"10009","Bergamo - Via Garibaldi","07/07/2025 00:00","12,0","VA","1"
"10009","Bergamo - Via Garibaldi","08/07/2025 00:00","12,0","VA","1"
"10009","Bergamo - Via Garibaldi","09/07/2025 00:00","12,0"
"10009","Bergamo - Via Garibaldi","09/07/2025 00:00","12,0","VA","1"
"10009","Bergamo - Via Garibaldi","10/07/2025 00:00","12,0","VA","1"
"10009","Bergamo - Via Garibaldi","11/07/2025 00:00","12,0","VA","1"
"10009","Bergamo - Via Garibaldi","12/07/2025 00:00","12,0","VA","1"
"10009","Bergamo - Via Garibaldi","13/07/2025 00:00","12,0","VA","1"
"10009","Bergamo - Via Garibaldi","13/07/2025 00:00","12,0","VA","1"
"10009","Bergamo - Via Garibaldi","14/07/2025 00:00","19,7","VA","1"
"10009","Bergamo - Via Garibaldi","15/07/2025 00:00","12,0","VA","1"
"10009","Bergamo - Via Garibaldi","16/07/2025 00:00","12,0","VA","1"
"10009","Bergamo - Via Garibaldi","17/07/2025 00:00","18,0","VA","1"
"10009","Bergamo - Via Garibaldi","18/07/2025 00:00","12,0","VA","1"
"10009","Bergamo - Via Garibaldi","19/07/2025 00:00","12,0","VA","1"
"10009","Bergamo - Via Garibaldi","19/07/2025 00:00","12,0","VA","1"
"10009","Bergamo - Via Garibaldi","20/07/2025 00:00","12,0","VA","1"
"10009","Bergamo - Via Garibaldi","20/07/2025 00:00","12,0","VA","1"
"10009","Bergamo - Via Garibaldi","21/07/2025 00:00","12,0","VA","1"
"10009","Bergamo - Via Garibaldi","22/07/2025 00:00","12,0","VA","1"
"10009","Bergamo - Via Garibaldi","23/07/2025 00:00","12,0","VA","1"
"10009","Bergamo - Via Garibaldi","24/07/2025 00:00","19,8","VA","1"
"10009","Bergamo - Via Garibaldi","25/07/2025 00:00","12,0","VA","1"
"10009","Bergamo - Via Garibaldi","26/07/2025 00:00","12,0","VA","1"
"10009","Bergamo - Via Garibaldi","27/07/2025 00:00","13,1","VA","1"
"10009","Bergamo - Via Garibaldi","28/07/2025 00:00","-9999","NA","1"
"10009","Bergamo - Via Garibaldi","28/07/2025 00:00","-9999","NA","1"
"10009","Bergamo - Via Garibaldi","29/07/2025 00:00","12,0","VA","1"
"10009","Bergamo - Via Garibaldi","30/07/2025 00:00","12,0","VA","1"
"10009","Bergamo - Via Garibaldi","31/07/2025 00:00","12,0","VA","1"
"10009","Bergamo - Via Garibaldi","01/08/2025 00:00","20,6","VA","1"
"10009","Bergamo - Via Garibaldi","02/08/2025 00:00","12,8","VA","1"
"10009","Bergamo - Via Garibaldi","03/08/2025 00:00","16,5","VA","1"
"10009","Bergamo - Via Garibaldi","04/08/2025 00:00","26,1","VA","1"
"10009","Bergamo - Via Garibaldi","05/08/2025 00:00","23,5","VA","1"
"10009","Bergamo - Via Garibaldi","06/08/2025 00:00","25,8","VA","1"
"10009","Bergamo - Via Garibaldi","06/08/2025 00:00","25,8","VA","1"
"10009","Bergamo - Via Garibaldi","07/08/2025 00:00","22,3","VA","1"
"10009","Bergamo - Via Garibaldi","08/08/2025 00:00","27,0","VA","1"
"10009","Bergamo - Via Garibaldi","09/08/2025 00:00","-9999","NA","1"
"10009","Bergamo - Via Garibaldi","10/08/2025 00:00","16,8","VA","1"
"10009","Bergamo - Via Garibaldi","11/08/2025 00:00","16,6","VA","1"
"10009","Bergamo - Via Garibaldi","12/08/2025 00:00","21,0","VA","1"
"10009","Bergamo - Via Garibaldi","13/08/2025 00:00","12,0","VA","1"
"10009","Bergamo - Via Garibaldi","14/08/2025 00:00","20,4","VA","1"
"10009","Bergamo - Via Garibaldi","15/08/2025 00:00","12,3","VA","1"
"10009","Bergamo - Via Garibaldi","16/08/2025 00:00","13,0","VA","1"
"10009","Bergamo - Via Garibaldi","17/08/2025 00:00","12,1","VA","1"
"10009","Bergamo - Via Garibaldi","18/08/2025 00:00","15,4","VA","1"
"10009","Bergamo - Via Garibaldi","19/08/2025 00:00","23,3","VA","1"
"10009","Bergamo - Via Garibaldi","20/08/2025 00:00","14,6","VA","1"
"10009","Bergamo - Via Garibaldi","21/08/2025 00:00","27,4","VA","1"
"10009","Bergamo - Via Garibaldi","22/08/2025 00:00","21,0","VA","1"
"10009","Bergamo - Via Garibaldi","23/08/2025 00:00","23,4","VA","1"
"10009","Bergamo - Via Garibaldi","24/08/2025 00:00","22,0","VA","1"
"10009","Bergamo - Via Garibaldi","25/08/2025 00:00","18,8","VA","1"
"10009","Bergamo - Via Garibaldi","26/08/2025 00:00","23,9","VA","1"
"10009","Bergamo - Via Garibaldi","27/08/2025 00:00","18,0","VA","1"
"10009","Bergamo - Via Garibaldi","28/08/2025 00:00","24,1","VA","1"
"10009","Bergamo - Via Garibaldi","29/08/2025 00:00","12,0","VA","1"
"10009","Bergamo - Via Garibaldi","30/08/2025 00:00","14,8","VA","1"
"10009","Bergamo - Via Garibaldi","31/08/2025 00:00","18,0","VA","1"
"10009","Bergamo - Via Garibaldi","01/09/2025 00:00","27,5","VA","1"
"10009","Bergamo - Via Garibaldi","02/09/2025 00:00","25,5","VA","1"
"10009","Bergamo - Via Garibaldi","03/09/2025 00:00","28,1","VA","1"
"10009","Bergamo - Via Garibaldi","04/09/2025 00:00","34,8","VA","1"
"10009","Bergamo - Via Garibaldi","05/09/2025 00:00","35,2","VA","1"
"10009","Bergamo - Via Garibaldi","05/09/2025 00:00","35,2","VA","1"
"10009","Bergamo - Via Garibaldi","06/09/2025 00:00","31,4","VA","1"
"10009","Bergamo - Via Garibaldi","07/09/2025 00:00","28,1","VA","1"
"10009","Bergamo - Via Garibaldi","08/09/2025 00:00","32,4","VA","1"
"10009","Bergamo - Via Garibaldi","09/09/2025 00:00","28,1","VA","1"
"10009","Bergamo - Via Garibaldi","10/09/2025 00:00","25,7","VA","1"
"10009","Bergamo - Via Garibaldi","10/09/2025 00:00","25,7","VA","1"
"10009","Bergamo - Via Garibaldi","11/09/2025 00:00","28,6","VA","1"
"10009","Bergamo - Via Garibaldi","12/09/2025 00:00","35,8","VA","1"
"10009","Bergamo - Via Garibaldi","13/09/2025 00:00","34,1","VA","1"
"10009","Bergamo - Via Garibaldi","14/09/2025 00:00","30,9","VA","1"
"10009","Bergamo - Via Garibaldi","15/09/2025 00:00","-9999","NA","1"
"10009","Bergamo - Via Garibaldi","16/09/2025 00:00","28,0","VA","1"
"10009","Bergamo - Via Garibaldi","17/09/2025 00:00","36,7","VA","1"
"10009","Bergamo - Via Garibaldi","18/09/2025 00:00","41,7","VA","1"
"10009","Bergamo - Via Garibaldi","19/09/2025 00:00","37,4","VA","1"
"10009","Bergamo - Via Garibaldi","20/09/2025 00:00","35,8","VA","1"
"10009","Bergamo - Via Garibaldi","21/09/2025 00:00","39,9","VA","1"
"10009","Bergamo - Via Garibaldi","22/09/2025 00:00","31,5","VA","1"
"10009","Bergamo - Via Garibaldi","23/09/2025 00:00","37,0","VA","1"
"10009","Bergamo - Via Garibaldi","24/09/2025 00:00","27,3","VA","1"
"10009","Bergamo - Via Garibaldi","25/09/2025 00:00","23,3","VA","1"
"10009","Bergamo - Via Garibaldi","26/09/2025 00:00","-9999","NA","1"
"10009","Bergamo - Via Garibaldi","27/09/2025 00:00","41,6","VA","1"
"10009","Bergamo - Via Garibaldi","28/09/2025 00:00","37,7","VA","1"
"10009","Bergamo - Via Garibaldi","29/09/2025 00:00","34,0","VA","1"
"10009","Bergamo - Via Garibaldi","30/09/2025 00:00","36,7","VA","1"
"10009","Bergamo - Via Garibaldi","01/10/2025 00:00","51,8","VA","1"
"10009","Bergamo - Via Garibaldi","02/10/2025 00:00","53,4","VA","1"
"10009","Bergamo - Via Garibaldi","03/10/2025 00:00","56,3","VA","1"
"10009","Bergamo - Via Garibaldi","04/10/2025 00:00","57,8","VA","1"
"10009","Bergamo - Via Garibaldi","05/10/2025 00:00","-9999","NA","1"
"10009","Bergamo - Via Garibaldi","06/10/2025 00:00","59,3","VA","1"
"10009","Bergamo - Via Garibaldi","07/10/2025 00:00","48,7","VA","1"
"10009","Bergamo - Via Garibaldi","08/10/2025 00:00","59,5","VA","1"
"10009","Bergamo - Via Garibaldi","09/10/2025 00:00","51,0","VA","1"
"10009","Bergamo - Via Garibaldi","10/10/2025 00:00","47,8","VA","1"
"10009","Bergamo - Via Garibaldi","11/10/2025 00:00","-9999","NA","1"
"10009","Bergamo - Via Garibaldi","12/10/2025 00:00","61,3","VA","1"
"10009","Bergamo - Via Garibaldi","13/10/2025 00:00","59,5","VA","1"
"10009","Bergamo - Via Garibaldi","14/10/2025 00:00","48,8","VA","1"
"10009","Bergamo - Via Garibaldi","15/10/2025 00:00","48,4","VA","1"
"10009","Bergamo - Via Garibaldi","16/10/2025 00:00","56,7","VA","1"
"10009","Bergamo - Via Garibaldi","17/10/2025 00:00","63,0","VA","1"
"10009","Bergamo - Via Garibaldi","18/10/2025 00:00","48,7","VA","1"
"10009","Bergamo - Via Garibaldi","19/10/2025 00:00","53,1","VA","1"
"10009","Bergamo - Via Garibaldi","20/10/2025 00:00","47,3","VA","1"
"10009","Bergamo - Via Garibaldi","21/10/2025 00:00","57,1","VA","1"
"10009","Bergamo - Via Garibaldi","22/10/2025 00:00","49,9","VA","1"
"10009","Bergamo - Via Garibaldi","23/10/2025 00:00","61,2","VA","1"
"10009","Bergamo - Via Garibaldi","24/10/2025 00:00","54,9","VA","1"
"10009","Bergamo - Via Garibaldi","25/10/2025 00:00","62,2","VA","1"
"10009","Bergamo - Via Garibaldi","26/10/2025 00:00","47,6","VA","1"
"10009","Bergamo - Via Garibaldi","27/10/2025 00:00","62,7","VA","1"
"10009","Bergamo - Via Garibaldi","27/10/2025 00:00","62,7","VA","1"
"10009","Bergamo - Via Garibaldi","28/10/2025 00:00","55,5","VA","1"
"10009","Bergamo - Via Garibaldi","29/10/2025 00:00","54,8","VA","1"
"10009","Bergamo - Via Garibaldi","30/10/2025 00:00","61,7","VA","1"
"10009","Bergamo - Via Garibaldi","31/10/2025 00:00","50,3","VA","1"
"10009","Bergamo - Via Garibaldi","01/11/2025 00:00","-9999","NA","1"
"10009","Bergamo - Via Garibaldi","02/11/2025 00:00","72,0","VA","1"
"10009","Bergamo - Via Garibaldi","03/11/2025 00:00","80,0","VA","1"
"10009","Bergamo - Via Garibaldi","04/11/2025 00:00","65,8","VA","1"
"10009","Bergamo - Via Garibaldi","05/11/2025 00:00","73,9","VA","1"
"10009","Bergamo - Via Garibaldi","06/11/2025 00:00","82,4","VA","1"
"10009","Bergamo - Via Garibaldi","07/11/2025 00:00","70,0","VA","1"
"10009","Bergamo - Via Garibaldi","08/11/2025 00:00","83,9","VA","1"
"10009","Bergamo - Via Garibaldi","09/11/2025 00:00","64,5","VA","1"
"10009","Bergamo - Via Garibaldi","10/11/2025 00:00","69,0","VA","1"
"10009","Bergamo - Via Garibaldi","11/11/2025 00:00","72,7","VA","1"
"10009","Bergamo - Via Garibaldi","12/11/2025 00:00","65,6","VA","1"
"10009","Bergamo - Via Garibaldi","13/11/2025 00:00","70,6","VA","1"
"10009","Bergamo - Via Garibaldi","14/11/2025 00:00","77,9","VA","1"
"10009","Bergamo - Via Garibaldi","15/11/2025 00:00","79,5","VA","1"
"10009","Bergamo - Via Garibaldi","16/11/2025 00:00","78,7","VA","1"
"10009","Bergamo - Via Garibaldi","17/11/2025 00:00","80,5","VA","1"
"10009","Bergamo - Via Garibaldi","18/11/2025 00:00","78,3","VA","1"
"10009","Bergamo - Via Garibaldi","19/11/2025 00:00","69,4","VA","1"
"10009","Bergamo - Via Garibaldi","20/11/2025 00:00","81,7","VA","1"
"10009","Bergamo - Via Garibaldi","21/11/2025 00:00","73,2","VA","1"
"10009","Bergamo - Via Garibaldi","22/11/2025 00:00","75,0","VA","1"
"10009","Bergamo - Via Garibaldi","23/11/2025 00:00","82,8","VA","1"
"10009","Bergamo - Via Garibaldi","24/11/2025 00:00","68,8","VA","1"
"10009","Bergamo - Via Garibaldi","25/11/2025 00:00","71,5","VA","1"
"10009","Bergamo - Via Garibaldi","26/11/2025 00:00","64,9","VA","1"
"10009","Bergamo - Via Garibaldi","27/11/2025 00:00","79,1","VA","1"
"10009","Bergamo - Via Garibaldi","28/11/2025 00:00","74,5","VA","1"
"10009","Bergamo - Via Garibaldi","29/11/2025 00:00","77,0","VA","1"
"10009","Bergamo - Via Garibaldi","30/11/2025 00:00","77,3","VA","1"
"10009","Bergamo - Via Garibaldi","01/12/2025 00:00","95,0","VA","1"
"10009","Bergamo - Via Garibaldi","02/12/2025 00:00","95,0","VA","1"
"10009","Bergamo - Via Garibaldi","03/12/2025 00:00","93,5","VA","1"
"10009","Bergamo - Via Garibaldi","04/12/2025 00:00","95,0","VA","1"
"10009","Bergamo - Via Garibaldi","04/12/2025 00:00","95,0","VA","1"
"10009","Bergamo - Via Garibaldi","05/12/2025 00:00","95,0","VA","1"
"10009","Bergamo - Via Garibaldi","06/12/2025 00:00","95,0","VA","1"
"10009","Bergamo - Via Garibaldi","07/12/2025 00:00","82,5","VA","1"
"10009","Bergamo - Via Garibaldi","08/12/2025 00:00","90,7","VA","1"
"10009","Bergamo - Via Garibaldi","09/12/2025 00:00","95,0","VA","1"
"10009","Bergamo - Via Garibaldi","10/12/2025 00:00","83,5","VA","1"
"10009","Bergamo - Via Garibaldi","11/12/2025 00:00","80,7","VA","1"
"10009","Bergamo - Via Garibaldi","12/12/2025 00:00","95,0","VA","1"
"10009","Bergamo - Via Garibaldi","13/12/2025 00:00","87,4","VA","1"
"10009","Bergamo - Via Garibaldi","14/12/2025 00:00","94,6","VA","1"
"10009","Bergamo - Via Garibaldi","15/12/2025 00:00","86,3","VA","1"
"10009","Bergamo - Via Garibaldi","16/12/2025 00:00","95,0","VA","1"
"10009","Bergamo - Via Garibaldi","16/12/2025 00:00","95,0","VA","1"
"10009","Bergamo - Via Garibaldi","17/12/2025 00:00","84,6","VA","1"
"10009","Bergamo - Via Garibaldi","18/12/2025 00:00","87,9","VA","1"
"10009","Bergamo - Via Garibaldi","19/12/2025 00:00","95,0","VA","1"
"10009","Bergamo - Via Garibaldi","20/12/2025 00:00","87,2","VA","1"
"10009","Bergamo - Via Garibaldi","21/12/2025 00:00","94,1","VA","1"
"10009","Bergamo - Via Garibaldi","22/12/2025 00:00","85,9","VA","1"
"10009","Bergamo - Via Garibaldi","23/12/2025 00:00","81,8","VA","1"
"10009","Bergamo - Via Garibaldi","24/12/2025 00:00","87,2","VA","1"
"10009","Bergamo - Via Garibaldi","25/12/2025 00:00","93,4","VA","1"
"10009","Bergamo - Via Garibaldi","26/12/2025 00:00","95,0","VA","1"
"10009","Bergamo - Via Garibaldi","27/12/2025 00:00","95,0","VA","1"
"10009","Bergamo - Via Garibaldi","28/12/2025 00:00","95,0","VA","1"
"10009","Bergamo - Via Garibaldi","29/12/2025 00:00","95,0","VA","1"
"10009","Bergamo - Via Garibaldi","30/12/2025 00:00","84,2","VA","1"
"10009","Bergamo - Via Garibaldi","31/12/2025 00:00","87,5","VA","1"
"10010","Bergamo - Via Garibaldi","01/01/2025 00:00","2,0","VA","1"
"10010","Bergamo - Via Garibaldi","02/01/2025 00:00","2,1","VA","1"
"10010","Bergamo - Via Garibaldi","03/01/2025 00:00","2,1","VA","1"
"10010","Bergamo - Via Garibaldi","04/01/2025 00:00","2,1","VA","1"
"10010","Bergamo - Via Garibaldi","05/01/2025 00:00","2,0","VA","1"
"10010","Bergamo - Via Garibaldi","06/01/2025 00:00","2,1","VA","1"
"10010","Bergamo - Via Garibaldi","07/01/2025 00:00","2,0","VA","1"
"10010","Bergamo - Via Garibaldi","08/01/2025 00:00","2,0","VA","1"
"10010","Bergamo - Via Garibaldi","09/01/2025 00:00","1,9","VA","1"
"10010","Bergamo - Via Garibaldi","10/01/2025 00:00","2,1","VA","1"
"10010","Bergamo - Via Garibaldi","11/01/2025 00:00","1,9","VA","1"
"10010","Bergamo - Via Garibaldi","12/01/2025 00:00","2,1","VA","1"
"10010","Bergamo - Via Garibaldi","13/01/2025 00:00","1,9","VA","1"
"10010","Bergamo - Via Garibaldi","14/01/2025 00:00","2,0","VA","1"
"10010","Bergamo - Via Garibaldi","15/01/2025 00:00","2,1","VA","1"
"10010","Bergamo - Via Garibaldi","16/01/2025 00:00","2,1","VA","1"
"10010","Bergamo - Via Garibaldi","17/01/2025 00:00","2,1","VA","1"
"10010","Bergamo - Via Garibaldi","18/01/2025 00:00","1,9","VA","1"
"10010","Bergamo - Via Garibaldi","19/01/2025 00:00","2,1","VA","1"
"10010","Bergamo - Via Garibaldi","20/01/2025 00:00","2,1","VA","1"
"10010","Bergamo - Via Garibaldi","21/01/2025 00:00","1,9","VA","1"
"10010","Bergamo - Via Garibaldi","22/01/2025 00:00","1,9","VA","1"
"10010","Bergamo - Via Garibaldi","23/01/2025 00:00","2,1","VA","1"
"10010","Bergamo - Via Garibaldi","24/01/2025 00:00","1,9","VA","1"
"10010","Bergamo - Via Garibaldi","25/01/2025 00:00","2,1","VA","1"
"10010","Bergamo - Via Garibaldi","26/01/2025 00:00","2,1","VA","1"
"10010","Bergamo - Via Garibaldi","27/01/2025 00:00","2,0","VA","1"
"10010","Bergamo - Via Garibaldi","28/01/2025 00:00","2,1","VA","1"
"10010","Bergamo - Via Garibaldi","29/01/2025 00:00","2,1","VA","1"
"10010","Bergamo - Via Garibaldi","30/01/2025 00:00","2,0","VA","1"
"10010","Bergamo - Via Garibaldi","31/01/2025 00:00","2,1","VA","1"
"10010","Bergamo - Via Garibaldi","01/02/2025 00:00","-9999","NA","1"
"10010","Bergamo - Via Garibaldi","02/02/2025 00:00","2,0","VA","1"
"10010","Bergamo - Via Garibaldi","03/02/2025 00:00","1,8","VA","1"
"10010","Bergamo - Via Garibaldi","04/02/2025 00:00","2,0","VA","1"
"10010","Bergamo - Via Garibaldi","05/02/2025 00:00","1,8","VA","1"
"10010","Bergamo - Via Garibaldi","06/02/2025 00:00","1,8","VA","1"
"10010","Bergamo - Via Garibaldi","07/02/2025 00:00","1,8","VA","1"
"10010","Bergamo - Via Garibaldi","08/02/2025 00:00","2,0","VA","1"
"10010","Bergamo - Via Garibaldi","09/02/2025 00:00","1,8","VA","1"
"10010","Bergamo - Via Garibaldi","10/02/2025 00:00","1,8","VA","1"
"10010","Bergamo - Via Garibaldi","11/02/2025 00:00","2,1","VA","1"
"10010","Bergamo - Via Garibaldi","12/02/2025 00:00","2,0","VA","1"
"10010","Bergamo - Via Garibaldi","13/02/2025 00:00","1,9","VA","1"
"10010","Bergamo - Via Garibaldi","14/02/2025 00:00","2,0","VA","1"
"10010","Bergamo - Via Garibaldi","15/02/2025 00:00","1,8","VA","1"
"10010","Bergamo - Via Garibaldi","16/02/2025 00:00","1,8","VA","1"
"10010","Bergamo - Via Garibaldi","17/02/2025 00:00","2,1","VA","1"
"10010","Bergamo - Via Garibaldi","18/02/2025 00:00","-9999","NA","1"
"10010","Bergamo - Via Garibaldi","19/02/2025 00:00","2,0","VA","1"
"10010","Bergamo - Via Garibaldi","20/02/2025 00:00","2,1","VA","1"
"10010","Bergamo - Via Garibaldi","21/02/2025 00:00","2,1","VA","1"
"10010","Bergamo - Via Garibaldi","22/02/2025 00:00","2,0","VA","1"
"10010","Bergamo - Via Garibaldi","23/02/2025 00:00","1,9","VA","1"
"10010","Bergamo - Via Garibaldi","24/02/2025 00:00","2,0","VA","1"
"10010","Bergamo - Via Garibaldi","25/02/2025 00:00","2,1","VA","1"
"10010","Bergamo - Via Garibaldi","26/02/2025 00:00","2,1","VA","1"
"10010","Bergamo - Via Garibaldi","27/02/2025 00:00","1,9","VA","1"
"10010","Bergamo - Via Garibaldi","28/02/2025 00:00","2,1","VA","1"
"10010","Bergamo - Via Garibaldi","01/03/2025 00:00","1,5","VA","1"
"10010","Bergamo - Via Garibaldi","02/03/2025 00:00","1,7","VA","1"
"10010","Bergamo - Via Garibaldi","03/03/2025 00:00","1,5","VA","1"
"10010","Bergamo - Via Garibaldi","04/03/2025 00:00","1,5","VA","1"
"10010","Bergamo - Via Garibaldi","05/03/2025 00:00","1,5","VA","1"
"10010","Bergamo - Via Garibaldi","06/03/2025 00:00","1,4","VA","1"
"10010","Bergamo - Via Garibaldi","07/03/2025 00:00","1,8","VA","1"
"10010","Bergamo - Via Garibaldi","08/03/2025 00:00","1,5","VA","1"
"10010","Bergamo - Via Garibaldi","09/03/2025 00:00","1,5","VA","1"
"10010","Bergamo - Via Garibaldi","10/03/2025 00:00","1,8","VA","1"
"10010","Bergamo - Via Garibaldi","11/03/2025 00:00","1,7","VA","1"
"10010","Bergamo - Via Garibaldi","12/03/2025 00:00","1,6","VA","1"
"10010","Bergamo - Via Garibaldi","13/03/2025 00:00","1,4","VA","1"
"10010","Bergamo - Via Garibaldi","14/03/2025 00:00","1,5","VA","1"
"10010","Bergamo - Via Garibaldi","15/03/2025 00:00","-9999","NA","1"
"10010","Bergamo - Via Garibaldi","16/03/2025 00:00","1,5","VA","1"
"10010","Bergamo - Via Garibaldi","17/03/2025 00:00","1,5","VA","1"
"10010","Bergamo - Via Garibaldi","18/03/2025 00:00","1,6","VA","1"
"10010","Bergamo - Via Garibaldi","19/03/2025 00:00","1,4","VA","1"
"10010","Bergamo - Via Garibaldi","20/03/2025 00:00","1,5","VA","1"
"10010","Bergamo - Via Garibaldi","21/03/2025 00:00","1,5","VA","1"
"10010","Bergamo - Via Garibaldi","22/03/2025 00:00","-9999","NA","1"
"10010","Bergamo - Via Garibaldi","23/03/2025 00:00","1,8","VA","1"
"10010","Bergamo - Via Garibaldi","24/03/2025 00:00","1,7","VA","1"
"10010","Bergamo - Via Garibaldi","25/03/2025 00:00","1,5","VA","1"
"10010","Bergamo - Via Garibaldi","26/03/2025 00:00","1,7","VA","1"
"10010","Bergamo - Via Garibaldi","27/03/2025 00:00","1,7","VA","1"
"10010","Bergamo - Via Garibaldi","28/03/2025 00:00","1,7","VA","1"
"10010","Bergamo - Via Garibaldi","29/03/2025 00:00","1,6","VA","1"
"10010","Bergamo - Via Garibaldi","30/03/2025 00:00","1,5","VA","1"
"10010","Bergamo - Via Garibaldi","31/03/2025 00:00","1,7","VA","1"
"10010","Bergamo - Via Garibaldi","01/04/2025 00:00","1,2","VA","1"
"10010","Bergamo - Via Garibaldi","02/04/2025 00:00","1,2","VA","1"
"10010","Bergamo - Via Garibaldi","03/04/2025 00:00","1,0","VA","1"
"10010","Bergamo - Via Garibaldi","04/04/2025 00:00","1,1","VA","1"
"10010","Bergamo - Via Garibaldi","05/04/2025 00:00","1,2","VA","1"
"10010","Bergamo - Via Garibaldi","06/04/2025 00:00","1,3","VA","1"
"10010","Bergamo - Via Garibaldi","07/04/2025 00:00","1,1","VA","1"
"10010","Bergamo - Via Garibaldi","08/04/2025 00:00","1,0","VA","1"
"10010","Bergamo - Via Garibaldi","09/04/2025 00:00","1,1","VA","1"
"10010","Bergamo - Via Garibaldi","10/04/2025 00:00","1,1","VA","1"
"10010","Bergamo - Via Garibaldi","11/04/2025 00:00","0,9","VA","1"
"10010","Bergamo - Via Garibaldi","12/04/2025 00:00","1,2","VA","1"
"10010","Bergamo - Via Garibaldi","13/04/2025 00:00","1,4","VA","1"
"10010","Bergamo - Via Garibaldi","14/04/2025 00:00","0,9","VA","1"
"10010","Bergamo - Via Garibaldi","15/04/2025 00:00","1,1","VA","1"
"10010","Bergamo - Via Garibaldi","16/04/2025 00:00","1,0","VA","1"
"10010","Bergamo - Via Garibaldi","17/04/2025 00:00","1,3","VA","1"
"10010","Bergamo - Via Garibaldi","18/04/2025 00:00","1,3","VA","1"
"10010","Bergamo - Via Garibaldi","19/04/2025 00:00","1,2","VA","1"
"10010","Bergamo - Via Garibaldi","20/04/2025 00:00","1,0","VA","1"
"10010","Bergamo - Via Garibaldi","21/04/2025 00:00","1,2","VA","1"
"10010","Bergamo - Via Garibaldi","22/04/2025 00:00","1,3","VA","1"
"10010","Bergamo - Via Garibaldi","23/04/2025 00:00","1,0","VA","1"
"10010","Bergamo - Via Garibaldi","24/04/2025 00:00","1,4","VA","1"
"10010","Bergamo - Via Garibaldi","25/04/2025 00:00","0,9","VA","1"
"10010","Bergamo - Via Garibaldi","26/04/2025 00:00","1,0","VA","1"
"10010","Bergamo - Via Garibaldi","27/04/2025 00:00","1,3","VA","1"
"10010","Bergamo - Via Garibaldi","28/04/2025 00:00","1,3","VA","1"
"10010","Bergamo - Via Garibaldi","29/04/2025 00:00","0,9","VA","1"
"10010","Bergamo - Via Garibaldi","30/04/2025 00:00","1,3","VA","1"
"10010","Bergamo - Via Garibaldi","01/05/2025 00:00","0,5","VA","1"
"10010","Bergamo - Via Garibaldi","02/05/2025 00:00","0,9","VA","1"
"10010","Bergamo - Via Garibaldi","03/05/2025 00:00","0,9","VA","1"
"10010","Bergamo - Via Garibaldi","04/05/2025 00:00","0,5","VA","1"
"10010","Bergamo - Via Garibaldi","05/05/2025 00:00","0,5","VA","1"
"10010","Bergamo - Via Garibaldi","06/05/2025 00:00","0,9","VA","1"
"10010","Bergamo - Via Garibaldi","07/05/2025 00:00","0,5","VA","1"
"10010","Bergamo - Via Garibaldi","08/05/2025 00:00","0,6","VA","1"
"10010","Bergamo - Via Garibaldi","09/05/2025 00:00","0,8","VA","1"
"10010","Bergamo - Via Garibaldi","10/05/2025 00:00","0,6","VA","1"
"10010","Bergamo - Via Garibaldi","11/05/2025 00:00","0,7","VA","1"
"10010","Bergamo - Via Garibaldi","12/05/2025 00:00","0,6","VA","1"
"10010","Bergamo - Via Garibaldi","13/05/2025 00:00","0,8","VA","1"
"10010","Bergamo - Via Garibaldi","14/05/2025 00:00","0,8","VA","1"
"10010","Bergamo - Via Garibaldi","15/05/2025 00:00","0,8","VA","1"
"10010","Bergamo - Via Garibaldi","16/05/2025 00:00","0,8","VA","1"
"10010","Bergamo - Via Garibaldi","17/05/2025 00:00","0,5","VA","1"
"10010","Bergamo - Via Garibaldi","18/05/2025 00:00","0,6","VA","1"
"10010","Bergamo - Via Garibaldi","19/05/2025 00:00","0,7","VA","1"
"10010","Bergamo - Via Garibaldi","20/05/2025 00:00","0,6","VA","1"
"10010","Bergamo - Via Garibaldi","21/05/2025 00:00","0,4","VA","1"
"10010","Bergamo - Via Garibaldi","22/05/2025 00:00","0,5","VA","1"
"10010","Bergamo - Via Garibaldi","23/05/2025 00:00","0,6","VA","1"
"10010","Bergamo - Via Garibaldi","24/05/2025 00:00","0,8","VA","1"
"10010","Bergamo - Via Garibaldi","25/05/2025 00:00","0,6","VA","1"
"10010","Bergamo - Via Garibaldi","26/05/2025 00:00","0,5","VA","1"
"10010","Bergamo - Via Garibaldi","27/05/2025 00:00","0,6","VA","1"
"10010","Bergamo - Via Garibaldi","28/05/2025 00:00","-9999","NA","1"
"10010","Bergamo - Via Garibaldi","29/05/2025 00:00","0,9","VA","1"
"10010","Bergamo - Via Garibaldi","30/05/2025 00:00","0,5","VA","1"
"10010","Bergamo - Via Garibaldi","31/05/2025 00:00","0,9","VA","1"
"10010","Bergamo - Via Garibaldi","01/06/2025 00:00","0,5","VA","1"
"10010","Bergamo - Via Garibaldi","02/06/2025 00:00","0,2","VA","1"
"10010","Bergamo - Via Garibaldi","03/06/2025 00:00","0,5","VA","1"
"10010","Bergamo - Via Garibaldi","04/06/2025 00:00","0,4","VA","1"
"10010","Bergamo - Via Garibaldi","05/06/2025 00:00","0,2","VA","1"
"10010","Bergamo - Via Garibaldi","06/06/2025 00:00","0,3","VA","1"
"10010","Bergamo - Via Garibaldi","07/06/2025 00:00","0,3","VA","1"
"10010","Bergamo - Via Garibaldi","08/06/2025 00:00","0,5","VA","1"
"10010","Bergamo - Via Garibaldi","09/06/2025 00:00","0,2","VA","1"
"10010","Bergamo - Via Garibaldi","10/06/2025 00:00","0,2","VA","1"
"10010","Bergamo - Via Garibaldi","11/06/2025 00:00","0,3","VA","1"
"10010","Bergamo - Via Garibaldi","12/06/2025 00:00","0,5","VA","1"
"10010","Bergamo - Via Garibaldi","13/06/2025 00:00","0,2","VA","1"
"10010","Bergamo - Via Garibaldi","14/06/2025 00:00","0,5","VA","1"
"10010","Bergamo - Via Garibaldi","15/06/2025 00:00","0,2","VA","1"
"10010","Bergamo - Via Garibaldi","16/06/2025 00:00","0,2","VA","1"
"10010","Bergamo - Via Garibaldi","17/06/2025 00:00","0,2","VA","1"
"10010","Bergamo - Via Garibaldi","18/06/2025 00:00","0,2","VA","1"
"10010","Bergamo - Via Garibaldi","19/06/2025 00:00","0,4","VA","1"
"10010","Bergamo - Via Garibaldi","20/06/2025 00:00","0,2","VA","1"
"10010","Bergamo - Via Garibaldi","21/06/2025 00:00","0,2","VA","1"
"10010","Bergamo - Via Garibaldi","22/06/2025 00:00","0,5","VA","1"
"10010","Bergamo - Via Garibaldi","23/06/2025 00:00","0,2","VA","1"
"10010","Bergamo - Via Garibaldi","24/06/2025 00:00","0,6","VA","1"
"10010","Bergamo - Via Garibaldi","25/06/2025 00:00","0,3","VA","1"
"10010","Bergamo - Via Garibaldi","26/06/2025 00:00","0,4","VA","1"
"10010","Bergamo - Via Garibaldi","27/06/2025 00:00","0,3","VA","1"
"10010","Bergamo - Via Garibaldi","28/06/2025 00:00","0,4","VA","1"
"10010","Bergamo - Via Garibaldi","29/06/2025 00:00","0,3","VA","1"
"10010","Bergamo - Via Garibaldi","30/06/2025 00:00","0,2","VA","1"
"10010","Bergamo - Via Garibaldi","01/07/2025 00:00","0,2","VA","1"
"10010","Bergamo - Via Garibaldi","02/07/2025 00:00","0,2","VA","1"
"10010","Bergamo - Via Garibaldi","03/07/2025 00:00","0,2","VA","1"
"10010","Bergamo - Via Garibaldi","04/07/2025 00:00","0,2","VA","1"
"10010","Bergamo - Via Garibaldi","05/07/2025 00:00","0,2","VA","1"
"10010","Bergamo - Via Garibaldi","06/07/2025 00:00","0,2","VA","1"
"10010","Bergamo - Via Garibaldi","07/07/2025 00:00","0,4","VA","1"
"10010","Bergamo - Via Garibaldi","08/07/2025 00:00","0,4","VA","1"
"10010","Bergamo - Via Garibaldi","09/07/2025 00:00","0,3","VA","1"
"10010","Bergamo - Via Garibaldi","10/07/2025 00:00","0,2","VA","1"
"10010","Bergamo - Via Garibaldi","11/07/2025 00:00","0,2","VA","1"
"10010","Bergamo - Via Garibaldi","12/07/2025 00:00","0,4","VA","1"
"10010","Bergamo - Via Garibaldi","13/07/2025 00:00","0,2","VA","1"
"10010","Bergamo - Via Garibaldi","14/07/2025 00:00","0,3","VA","1"
"10010","Bergamo - Via Garibaldi","15/07/2025 00:00","0,2","VA","1"
"10010","Bergamo - Via Garibaldi","16/07/2025 00:00","0,3","VA","1"
"10010","Bergamo - Via Garibaldi","17/07/2025 00:00","0,2","VA","1"
"10010","Bergamo - Via Garibaldi","18/07/2025 00:00","0,3","VA","1"
"10010","Bergamo - Via Garibaldi","19/07/2025 00:00","0,2","VA","1"
"10010","Bergamo - Via Garibaldi","20/07/2025 00:00","0,2","VA","1"
"10010","Bergamo - Via Garibaldi","21/07/2025 00:00","0,2","VA","1"
"10010","Bergamo - Via Garibaldi","22/07/2025 00:00","0,3","VA","1"
"10010","Bergamo - Via Garibaldi","23/07/2025 00:00","0,3","VA","1"
"10010","Bergamo - Via Garibaldi","24/07/2025 00:00","0,4","VA","1"
"10010","Bergamo - Via Garibaldi","25/07/2025 00:00","0,3","VA","1"
"10010","Bergamo - Via Garibaldi","26/07/2025 00:00","0,2","VA","1"
"10010","Bergamo - Via Garibaldi","27/07/2025 00:00","0,4","VA","1"
"10010","Bergamo - Via Garibaldi","28/07/2025 00:00","0,2","VA","1"
"10010","Bergamo - Via Garibaldi","29/07/2025 00:00","0,2","VA","1"
"10010","Bergamo - Via Garibaldi","30/07/2025 00:00","0,2","VA","1"
"10010","Bergamo - Via Garibaldi","31/07/2025 00:00","0,2","VA","1"
"10010","Bergamo - Via Garibaldi","01/08/2025 00:00","0,2","VA","1"
"10010","Bergamo - Via Garibaldi","02/08/2025 00:00","0,5","VA","1"
"10010","Bergamo - Via Garibaldi","03/08/2025 00:00","-9999","NA","1"
"10010","Bergamo - Via Garibaldi","04/08/2025 00:00","0,5","VA","1"
"10010","Bergamo - Via Garibaldi","05/08/2025 00:00","0,2","VA","1"
"10010","Bergamo - Via Garibaldi","06/08/2025 00:00","0,5","VA","1"
"10010","Bergamo - Via Garibaldi","07/08/2025 00:00","0,5","VA","1"
"10010","Bergamo - Via Garibaldi","08/08/2025 00:00","0,2","VA","1"
"10010","Bergamo - Via Garibaldi","09/08/2025 00:00","0,2","VA","1"
"10010","Bergamo - Via Garibaldi","10/08/2025 00:00","0,2","VA","1"
"10010","Bergamo - Via Garibaldi","11/08/2025 00:00","0,4","VA","1"
"10010","Bergamo - Via Garibaldi","12/08/2025 00:00","-9999","NA","1"
"10010","Bergamo - Via Garibaldi","13/08/2025 00:00","0,2","VA","1"
"10010","Bergamo - Via Garibaldi","14/08/2025 00:00","0,3","VA","1"
"10010","Bergamo - Via Garibaldi","15/08/2025 00:00","0,2","VA","1"
"10010","Bergamo - Via Garibaldi","16/08/2025 00:00","0,2","VA","1"
"10010","Bergamo - Via Garibaldi","17/08/2025 00:00","0,3","VA","1"
"10010","Bergamo - Via Garibaldi","18/08/2025 00:00","0,3","VA","1"
"10010","Bergamo - Via Garibaldi","19/08/2025 00:00","0,4","VA","1"
"10010","Bergamo - Via Garibaldi","20/08/2025 00:00","0,5","VA","1"
"10010","Bergamo - Via Garibaldi","21/08/2025 00:00","0,4","VA","1"
"10010","Bergamo - Via Garibaldi","22/08/2025 00:00","0,3","VA","1"
"10010","Bergamo - Via Garibaldi","23/08/2025 00:00","0,4","VA","1"
"10010","Bergamo - Via Garibaldi","24/08/2025 00:00","0,2","VA","1"
"10010","Bergamo - Via Garibaldi","25/08/2025 00:00","0,4","VA","1"
"10010","Bergamo - Via Garibaldi","26/08/2025 00:00","0,4","VA","1"
"10010","Bergamo - Via Garibaldi","27/08/2025 00:00","0,2","VA","1"
"10010","Bergamo - Via Garibaldi","28/08/2025 00:00","0,5","VA","1"
"10010","Bergamo - Via Garibaldi","29/08/2025 00:00","0,2","VA","1"
"10010","Bergamo - Via Garibaldi","30/08/2025 00:00","0,2","VA","1"
"10010","Bergamo - Via Garibaldi","31/08/2025 00:00","0,2","VA","1"
"10010","Bergamo - Via Garibaldi","01/09/2025 00:00","0,6","VA","1"
"10010","Bergamo - Via Garibaldi","02/09/2025 00:00","0,7","VA","1"
"10010","Bergamo - Via Garibaldi","03/09/2025 00:00","0,5","VA","1"
"10010","Bergamo - Via Garibaldi","04/09/2025 00:00","0,5","VA","1"
"10010","Bergamo - Via Garibaldi","05/09/2025 00:00","0,8","VA","1"
"10010","Bergamo - Via Garibaldi","06/09/2025 00:00","0,5","VA","1"
"10010","Bergamo - Via Garibaldi","07/09/2025 00:00","0,6","VA","1"
"10010","Bergamo - Via Garibaldi","08/09/2025 00:00","0,6","VA","1"
"10010","Bergamo - Via Garibaldi","09/09/2025 00:00","0,9","VA","1"
"10010","Bergamo - Via Garibaldi","10/09/2025 00:00","0,9","VA","1"
"10010","Bergamo - Via Garibaldi","11/09/2025 00:00","0,8","VA","1"
"10010","Bergamo - Via Garibaldi","12/09/2025 00:00","0,5","VA","1"
"10010","Bergamo - Via Garibaldi","13/09/2025 00:00","0,5","VA","1"
"10010","Bergamo - Via Garibaldi","14/09/2025 00:00","0,9","VA","1"
"10010","Bergamo - Via Garibaldi","15/09/2025 00:00","0,8","VA","1"
"10010","Bergamo - Via Garibaldi","16/09/2025 00:00","0,5","VA","1"
"10010","Bergamo - Via Garibaldi","17/09/2025 00:00","0,5","VA","1"
"10010","Bergamo - Via Garibaldi","18/09/2025 00:00","0,7","VA","1"
"10010","Bergamo - Via Garibaldi","19/09/2025 00:00","0,8","VA","1"
"10010","Bergamo - Via Garibaldi","20/09/2025 00:00","-9999","NA","1"
"10010","Bergamo - Via Garibaldi","21/09/2025 00:00","0,5","VA","1"
"10010","Bergamo - Via Garibaldi","22/09/2025 00:00","0,8","VA","1"
"10010","Bergamo - Via Garibaldi","23/09/2025 00:00","0,8","VA","1"
"10010","Bergamo - Via Garibaldi","24/09/2025 00:00","0,9","VA","1"
"10010","Bergamo - Via Garibaldi","25/09/2025 00:00","0,5","VA","1"
"10010","Bergamo - Via Garibaldi","26/09/2025 00:00","0,8","VA","1"
"10010","Bergamo - Via Garibaldi","27/09/2025 00:00","0,6","VA","1"
"10010","Bergamo - Via Garibaldi","28/09/2025 00:00","0,7","VA","1"
"10010","Bergamo - Via Garibaldi","29/09/2025 00:00","0,9","VA","1"
"10010","Bergamo - Via Garibaldi","30/09/2025 00:00","0,6","VA","1"
"10010","Bergamo - Via Garibaldi","01/10/2025 00:00","1,4","VA","1"
"10010","Bergamo - Via Garibaldi","02/10/2025 00:00","1,3","VA","1"
"10010","Bergamo - Via Garibaldi","03/10/2025 00:00","1,2","VA","1"
"10010","Bergamo - Via Garibaldi","04/10/2025 00:00","1,3","VA","1"
"10010","Bergamo - Via Garibaldi","05/10/2025 00:00","1,1","VA","1"
"10010","Bergamo - Via Garibaldi","06/10/2025 00:00","1,1","VA","1"
"10010","Bergamo - Via Garibaldi","07/10/2025 00:00","1,3","VA","1"
"10010","Bergamo - Via Garibaldi","08/10/2025 00:00","1,1","VA","1"
"10010","Bergamo - Via Garibaldi","09/10/2025 00:00","1,3","VA","1"
"10010","Bergamo - Via Garibaldi","10/10/2025 00:00","1,1","VA","1"
"10010","Bergamo - Via Garibaldi","11/10/2025 00:00","1,3","VA","1"
"10010","Bergamo - Via Garibaldi","12/10/2025 00:00","1,1","VA","1"
"10010","Bergamo - Via Garibaldi","13/10/2025 00:00","1,2","VA","1"
"10010","Bergamo - Via Garibaldi","14/10/2025 00:00","1,3","VA","1"
"10010","Bergamo - Via Garibaldi","15/10/2025 00:00","1,3","VA","1"
"10010","Bergamo - Via Garibaldi","16/10/2025 00:00","1,1","VA","1"
"10010","Bergamo - Via Garibaldi","17/10/2025 00:00","1,2","VA","1"
"10010","Bergamo - Via Garibaldi","18/10/2025 00:00","1,2","VA","1"
"10010","Bergamo - Via Garibaldi","19/10/2025 00:00","1,1","VA","1"
"10010","Bergamo - Via Garibaldi","20/10/2025 00:00","1,2","VA","1"
"10010","Bergamo - Via Garibaldi","21/10/2025 00:00","1,3","VA","1"
"10010","Bergamo - Via Garibaldi","22/10/2025 00:00","1,3","VA","1"
"10010","Bergamo - Via Garibaldi","23/10/2025 00:00","1,3","VA","1"
"10010","Bergamo - Via Garibaldi","24/10/2025 00:00","1,3","VA","1"
"10010","Bergamo - Via Garibaldi","25/10/2025 00:00","1,2","VA","1"
"10010","Bergamo - Via Garibaldi","26/10/2025 00:00","1,3","VA","1"
"10010","Bergamo - Via Garibaldi","27/10/2025 00:00","1,1","VA","1"
"10010","Bergamo - Via Garibaldi","28/10/2025 00:00","1,3","VA","1"
"10010","Bergamo - Via Garibaldi","29/10/2025 00:00","1,1","VA","1"
"10010","Bergamo - Via Garibaldi","30/10/2025 00:00","1,4","VA","1"
"10010","Bergamo - Via Garibaldi","31/10/2025 00:00","1,3","VA","1"
"10010","Bergamo - Via Garibaldi","01/11/2025 00:00","1,5","VA","1"
"10010","Bergamo - Via Garibaldi","02/11/2025 00:00","1,7","VA","1"
"10010","Bergamo - Via Garibaldi","03/11/2025 00:00","1,6","VA","1"
"10010","Bergamo - Via Garibaldi","04/11/2025 00:00","1,5","VA","1"
"10010","Bergamo - Via Garibaldi","05/11/2025 00:00","1,6","VA","1"
"10010","Bergamo - Via Garibaldi","06/11/2025 00:00","1,6","VA","1"
"10010","Bergamo - Via Garibaldi","07/11/2025 00:00","1,7","VA","1"
"10010","Bergamo - Via Garibaldi","08/11/2025 00:00","1,4","VA","1"
"10010","Bergamo - Via Garibaldi","09/11/2025 00:00","1,6","VA","1"
"10010","Bergamo - Via Garibaldi","10/11/2025 00:00","1,9","VA","1"
"10010","Bergamo - Via Garibaldi","11/11/2025 00:00","1,6","VA","1"
"10010","Bergamo - Via Garibaldi","12/11/2025 00:00","1,8","VA","1"
"10010","Bergamo - Via Garibaldi","13/11/2025 00:00","1,6","VA","1"
"10010","Bergamo - Via Garibaldi","14/11/2025 00:00","1,8","VA","1"
"10010","Bergamo - Via Garibaldi","15/11/2025 00:00","1,7","VA","1"
"10010","Bergamo - Via Garibaldi","16/11/2025 00:00","1,6","VA","1"
"10010","Bergamo - Via Garibaldi","17/11/2025 00:00","1,6","VA","1"
"10010","Bergamo - Via Garibaldi","18/11/2025 00:00","1,5","VA","1"
"10010","Bergamo - Via Garibaldi","19/11/2025 00:00","1,8","VA","1"
"10010","Bergamo - Via Garibaldi","20/11/2025 00:00","1,7","VA","1"
"10010","Bergamo - Via Garibaldi","21/11/2025 00:00","1,6","VA","1"
"10010","Bergamo - Via Garibaldi","22/11/2025 00:00","1,7","VA","1"
"10010","Bergamo - Via Garibaldi","23/11/2025 00:00","1,7","VA","1"
"10010","Bergamo - Via Garibaldi","24/11/2025 00:00","1,7","VA","1"
"10010","Bergamo - Via Garibaldi","25/11/2025 00:00","1,6","VA","1"
"10010","Bergamo - Via Garibaldi","26/11/2025 00:00","1,5","VA","1"
"10010","Bergamo - Via Garibaldi","27/11/2025 00:00","1,7","VA","1"
"10010","Bergamo - Via Garibaldi","28/11/2025 00:00","-9999","NA","1"
"10010","Bergamo - Via Garibaldi","29/11/2025 00:00","1,8","VA","1"
"10010","Bergamo - Via Garibaldi","30/11/2025 00:00","1,7","VA","1"
"10010","Bergamo - Via Garibaldi","01/12/2025 00:00","1,9","VA","1"
"10010","Bergamo - Via Garibaldi","02/12/2025 00:00","2,1","VA","1"
"10010","Bergamo - Via Garibaldi","03/12/2025 00:00","2,0","VA","1"
"10010","Bergamo - Via Garibaldi","04/12/2025 00:00","1,9","VA","1"
"10010","Bergamo - Via Garibaldi","05/12/2025 00:00","2,1","VA","1"
"10010","Bergamo - Via Garibaldi","06/12/2025 00:00","1,9","VA","1"
"10010","Bergamo - Via Garibaldi","07/12/2025 00:00","2,0","VA","1"
"10010","Bergamo - Via Garibaldi","08/12/2025 00:00","2,0","VA","1"
"10010","Bergamo - Via Garibaldi","09/12/2025 00:00","2,0","VA","1"
"10010","Bergamo - Via Garibaldi","10/12/2025 00:00","2,0","VA","1"
"10010","Bergamo - Via Garibaldi","11/12/2025 00:00","1,8","VA","1"
"10010","Bergamo - Via Garibaldi","12/12/2025 00:00","2,0","VA","1"
"10010","Bergamo - Via Garibaldi","13/12/2025 00:00","2,1","VA","1"
"10010","Bergamo - Via Garibaldi","14/12/2025 00:00","1,9","VA","1"
"10010","Bergamo - Via Garibaldi","15/12/2025 00:00","1,9","VA","1"
"10010","Bergamo - Via Garibaldi","16/12/2025 00:00","-9999","NA","1"
"10010","Bergamo - Via Garibaldi","17/12/2025 00:00","2,0","VA","1"
"10010","Bergamo - Via Garibaldi","18/12/2025 00:00","1,9","VA","1"
"10010","Bergamo - Via Garibaldi","19/12/2025 00:00","2,0","VA","1"
"10010","Bergamo - Via Garibaldi","20/12/2025 00:00","2,1","VA","1"
"10010","Bergamo - Via Garibaldi","21/12/2025 00:00","2,1","VA","1"
"10010","Bergamo - Via Garibaldi","22/12/2025 00:00","2,0","VA","1"
"10010","Bergamo - Via Garibaldi","23/12/2025 00:00","2,1","VA","1"
"10010","Bergamo - Via Garibaldi","24/12/2025 00:00","2,0","VA","1"
"10010","Bergamo - Via Garibaldi","25/12/2025 00:00","2,0","VA","1"
"10010","Bergamo - Via Garibaldi","26/12/2025 00:00","2,0","VA","1"
"10010","Bergamo - Via Garibaldi","27/12/2025 00:00","1,9","VA","1"
"10010","Bergamo - Via Garibaldi","28/12/2025 00:00","2,1","VA","1"
"10010","Bergamo - Via Garibaldi","29/12/2025 00:00","1,9","VA","1"
"10010","Bergamo - Via Garibaldi","30/12/2025 00:00","1,8","VA","1"
"10010","Bergamo - Via Garibaldi","31/12/2025 00:00","2,1","VA","1"
"10011","Cremona - Via Fatebenefratelli","01/01/2025 00:00","62,0","VA","1"
"10011","Cremona - Via Fatebenefratelli","02/01/2025 00:00","62,0","VA","1"
"10011","Cremona - Via Fatebenefratelli","03/01/2025 00:00","62,0","VA","1"
"10011","Cremona - Via Fatebenefratelli","04/01/2025 00:00","62,0","VA","1"
"10011","Cremona - Via Fatebenefratelli","05/01/2025 00:00","61,5","VA","1"
"10011","Cremona - Via Fatebenefratelli","06/01/2025 00:00","59,1","VA","1"
"10011","Cremona - Via Fatebenefratelli","07/01/2025 00:00","62,0","VA","1"
"10011","Cremona - Via Fatebenefratelli","08/01/2025 00:00","62,0","VA","1"
"10011","Cremona - Via Fatebenefratelli","09/01/2025 00:00","60,5","VA","1"
"10011","Cremona - Via Fatebenefratelli","10/01/2025 00:00","62,0","VA","1"
"10011","Cremona - Via Fatebenefratelli","11/01/2025 00:00","58,7","VA","1"
"10011","Cremona - Via Fatebenefratelli","12/01/2025 00:00","57,1","VA","1"
"10011","Cremona - Via Fatebenefratelli","13/01/2025 00:00","59,0","VA","1"
"10011","Cremona - Via Fatebenefratelli","14/01/2025 00:00","61,5","VA","1"
"10011","Cremona - Via Fatebenefratelli","15/01/2025 00:00","61,4","VA","1"
"10011","Cremona - Via Fatebenefratelli","16/01/2025 00:00","62,0","VA","1"
"10011","Cremona - Via Fatebenefratelli","17/01/2025 00:00","60,8","VA","1"
"10011","Cremona - Via Fatebenefratelli","18/01/2025 00:00","62,0","VA","1"
"10011","Cremona - Via Fatebenefratelli","19/01/2025 00:00","61,3","VA","1"
"10011","Cremona - Via Fatebenefratelli","20/01/2025 00:00","56,5","VA","1"
"10011","Cremona - Via Fatebenefratelli","21/01/2025 00:00","62,0","VA","1"
"10011","Cremona - Via Fatebenefratelli","22/01/2025 00:00","62,0","VA","1"
"10011","Cremona - Via Fatebenefratelli","23/01/2025 00:00","60,2","VA","1"
"10011","Cremona - Via Fatebenefratelli","24/01/2025 00:00","61,4","VA","1"
"10011","Cremona - Via Fatebenefratelli","25/01/2025 00:00","59,5","VA","1"
"10011","Cremona - Via Fatebenefratelli","26/01/2025 00:00","55,8","VA","1"
"10011","Cremona - Via Fatebenefratelli","27/01/2025 00:00","58,9","VA","1"
"10011","Cremona - Via Fatebenefratelli","28/01/2025 00:00","55,3","VA","1"
"10011","Cremona - Via Fatebenefratelli","29/01/2025 00:00","62,0","VA","1"
"10011","Cremona - Via Fatebenefratelli","30/01/2025 00:00","62,0","VA","1"
"10011","Cremona - Via Fatebenefratelli","31/01/2025 00:00","62,0","VA","1"
"10011","Cremona - Via Fatebenefratelli","01/02/2025 00:00","52,3","VA","1"
"10011","Cremona - Via Fatebenefratelli","02/02/2025 00:00","52,1","VA","1"
"10011","Cremona - Via Fatebenefratelli","03/02/2025 00:00","52,9","VA","1"
"10011","Cremona - Via Fatebenefratelli","04/02/2025 00:00","62,0","VA","1"
"10011","Cremona - Via Fatebenefratelli","05/02/2025 00:00","62,0","VA","1"
"10011","Cremona - Via Fatebenefratelli","06/02/2025 00:00","58,7","VA","1"
"10011","Cremona - Via Fatebenefratelli","07/02/2025 00:00","58,2","VA","1"
"10011","Cremona - Via Fatebenefratelli","08/02/2025 00:00","54,7","VA","1"
"10011","Cremona - Via Fatebenefratelli","09/02/2025 00:00","60,8","VA","1"
"10011","Cremona - Via Fatebenefratelli","10/02/2025 00:00","51,9","VA","1"
"10011","Cremona - Via Fatebenefratelli","11/02/2025 00:00","60,7","VA","1"
"10011","Cremona - Via Fatebenefratelli","12/02/2025 00:00","62,0","VA","1"
"10011","Cremona - Via Fatebenefratelli","13/02/2025 00:00","53,1","VA","1"
"10011","Cremona - Via Fatebenefratelli","14/02/2025 00:00","52,4","VA","1"
"10011","Cremona - Via Fatebenefratelli","15/02/2025 00:00","60,2","VA","1"
"10011","Cremona - Via Fatebenefratelli","16/02/2025 00:00","55,8","VA","1"
"10011","Cremona - Via Fatebenefratelli","17/02/2025 00:00","55,6","VA","1"
"10011","Cremona - Via Fatebenefratelli","18/02/2025 00:00","58,2","VA","1"
"10011","Cremona - Via Fatebenefratelli","19/02/2025 00:00","52,3","VA","1"
"10011","Cremona - Via Fatebenefratelli","20/02/2025 00:00","57,1","VA","1"
"10011","Cremona - Via Fatebenefratelli","21/02/2025 00:00","62,0","VA","1"
"10011","Cremona - Via Fatebenefratelli","22/02/2025 00:00","62,0","VA","1"
"10011","Cremona - Via Fatebenefratelli","23/02/2025 00:00","58,1","VA","1"
"10011","Cremona - Via Fatebenefratelli","24/02/2025 00:00","62,0","VA","1"
"10011","Cremona - Via Fatebenefratelli","25/02/2025 00:00","53,2","VA","1"
"10011","Cremona - Via Fatebenefratelli","26/02/2025 00:00","62,0","VA","1"
"10011","Cremona - Via Fatebenefratelli","27/02/2025 00:00","62,0","VA","1"
"10011","Cremona - Via Fatebenefratelli","28/02/2025 00:00","56,6","VA","1"
"10011","Cremona - Via Fatebenefratelli","01/03/2025 00:00","49,6","VA","1"
"10011","Cremona - Via Fatebenefratelli","02/03/2025 00:00","42,1","VA","1"
"10011","Cremona - Via Fatebenefratelli","03/03/2025 00:00","48,0","VA","1"
"10011","Cremona - Via Fatebenefratelli","04/03/2025 00:00","47,5","VA","1"
"10011","Cremona - Via Fatebenefratelli","05/03/2025 00:00","46,5","VA","1"
"10011","Cremona - Via Fatebenefratelli","06/03/2025 00:00","42,0","VA","1"
"10011","Cremona - Via Fatebenefratelli","07/03/2025 00:00","-9999","NA","1"
"10011","Cremona - Via Fatebenefratelli","08/03/2025 00:00","52,5","VA","1"
"10011","Cremona - Via Fatebenefratelli","09/03/2025 00:00","50,4","VA","1"
"10011","Cremona - Via Fatebenefratelli","10/03/2025 00:00","48,6","VA","1"
"10011","Cremona - Via Fatebenefratelli","11/03/2025 00:00","41,8","VA","1"
"10011","Cremona - Via Fatebenefratelli","12/03/2025 00:00","43,6","VA","1"
"10011","Cremona - Via Fatebenefratelli","13/03/2025 00:00","48,0","VA","1"
"10011","Cremona - Via Fatebenefratelli","14/03/2025 00:00","45,5","VA","1"
"10011","Cremona - Via Fatebenefratelli","15/03/2025 00:00","48,0","VA","1"
"10011","Cremona - Via Fatebenefratelli","16/03/2025 00:00","44,5","VA","1"
"10011","Cremona - Via Fatebenefratelli","17/03/2025 00:00","41,9","VA","1"
"10011","Cremona - Via Fatebenefratelli","18/03/2025 00:00","47,8","VA","1"
"10011","Cremona - Via Fatebenefratelli","19/03/2025 00:00","42,3","VA","1"
"10011","Cremona - Via Fatebenefratelli","20/03/2025 00:00","-9999","NA","1"
"10011","Cremona - Via Fatebenefratelli","21/03/2025 00:00","48,6","VA","1"
"10011","Cremona - Via Fatebenefratelli","22/03/2025 00:00","54,5","VA","1"
"10011","Cremona - Via Fatebenefratelli","23/03/2025 00:00","48,2","VA","1"
"10011","Cremona - Via Fatebenefratelli","24/03/2025 00:00","48,8","VA","1"
"10011","Cremona - Via Fatebenefratelli","25/03/2025 00:00","42,2","VA","1"
"10011","Cremona - Via Fatebenefratelli","26/03/2025 00:00","-9999","NA","1"
"10011","Cremona - Via Fatebenefratelli","27/03/2025 00:00","44,7","VA","1"
"10011","Cremona - Via Fatebenefratelli","28/03/2025 00:00","54,3","VA","1"
"10011","Cremona - Via Fatebenefratelli","29/03/2025 00:00","48,9","VA","1"
"10011","Cremona - Via Fatebenefratelli","30/03/2025 00:00","41,9","VA","1"
"10011","Cremona - Via Fatebenefratelli","31/03/2025 00:00","49,1","VA","1"
"10011","Cremona - Via Fatebenefratelli","01/04/2025 00:00","35,1","VA","1"
"10011","Cremona - Via Fatebenefratelli","02/04/2025 00:00","35,9","VA","1"
"10011","Cremona - Via Fatebenefratelli","03/04/2025 00:00","32,1","VA","1"
"10011","Cremona - Via Fatebenefratelli","04/04/2025 00:00","40,0","VA","1"
"10011","Cremona - Via Fatebenefratelli","05/04/2025 00:00","31,6","VA","1"
"10011","Cremona - Via Fatebenefratelli","06/04/2025 00:00","38,0","VA","1"
"10011","Cremona - Via Fatebenefratelli","07/04/2025 00:00","28,4","VA","1"
"10011","Cremona - Via Fatebenefratelli","08/04/2025 00:00","38,0","VA","1"
"10011","Cremona - Via Fatebenefratelli","09/04/2025 00:00","36,7","VA","1"
"10011","Cremona - Via Fatebenefratelli","10/04/2025 00:00","39,8","VA","1"
"10011","Cremona - Via Fatebenefratelli","11/04/2025 00:00","-9999","NA","1"
"10011","Cremona - Via Fatebenefratelli","12/04/2025 00:00","35,4","VA","1"
"10011","Cremona - Via Fatebenefratelli","13/04/2025 00:00","33,7","VA","1"
"10011","Cremona - Via Fatebenefratelli","14/04/2025 00:00","38,5","VA","1"
"10011","Cremona - Via Fatebenefratelli","15/04/2025 00:00","32,5","VA","1"
"10011","Cremona - Via Fatebenefratelli","16/04/2025 00:00","39,7","VA","1"
"10011","Cremona - Via Fatebenefratelli","17/04/2025 00:00","29,5","VA","1"
"10011","Cremona - Via Fatebenefratelli","18/04/2025 00:00","33,0","VA","1"
"10011","Cremona - Via Fatebenefratelli","19/04/2025 00:00","39,3","VA","1"
"10011","Cremona - Via Fatebenefratelli","20/04/2025 00:00","36,7","VA","1"
"10011","Cremona - Via Fatebenefratelli","21/04/2025 00:00","35,6","VA","1"
"10011","Cremona - Via Fatebenefratelli","22/04/2025 00:00","36,5","VA","1"
"10011","Cremona - Via Fatebenefratelli","23/04/2025 00:00","36,9","VA","1"
"10011","Cremona - Via Fatebenefratelli","24/04/2025 00:00","33,8","VA","1"
"10011","Cremona - Via Fatebenefratelli","25/04/2025 00:00","36,1","VA","1"
"10011","Cremona - Via Fatebenefratelli","26/04/2025 00:00","39,1","VA","1"
"10011","Cremona - Via Fatebenefratelli","27/04/2025 00:00","32,0","VA","1"
"10011","Cremona - Via Fatebenefratelli","28/04/2025 00:00","31,6","VA","1"
"10011","Cremona - Via Fatebenefratelli","29/04/2025 00:00","37,8","VA","1"
"10011","Cremona - Via Fatebenefratelli","30/04/2025 00:00","32,1","VA","1"
"10011","Cremona - Via Fatebenefratelli","01/05/2025 00:00","17,3","VA","1"
"10011","Cremona - Via Fatebenefratelli","02/05/2025 00:00","14,9","VA","1"
"10011","Cremona - Via Fatebenefratelli","03/05/2025 00:00","14,2","VA","1"
"10011","Cremona - Via Fatebenefratelli","04/05/2025 00:00","17,4","VA","1"
"10011","Cremona - Via Fatebenefratelli","05/05/2025 00:00","15,0","VA","1"
"10011","Cremona - Via Fatebenefratelli","06/05/2025 00:00","16,8","VA","1"
"10011","Cremona - Via Fatebenefratelli","07/05/2025 00:00","21,6","VA","1"
"10011","Cremona - Via Fatebenefratelli","08/05/2025 00:00","14,1","VA","1"
"10011","Cremona - Via Fatebenefratelli","09/05/2025 00:00","16,3","VA","1"
"10011","Cremona - Via Fatebenefratelli","10/05/2025 00:00","18,9","VA","1"
"10011","Cremona - Via Fatebenefratelli","11/05/2025 00:00","20,6","VA","1"
"10011","Cremona - Via Fatebenefratelli","12/05/2025 00:00","21,1","VA","1"
"10011","Cremona - Via Fatebenefratelli","13/05/2025 00:00","23,5","VA","1"
"10011","Cremona - Via Fatebenefratelli","14/05/2025 00:00","19,2","VA","1"
"10011","Cremona - Via Fatebenefratelli","15/05/2025 00:00","21,3","VA","1"
"10011","Cremona - Via Fatebenefratelli","16/05/2025 00:00","17,7","VA","1"
"10011","Cremona - Via Fatebenefratelli","17/05/2025 00:00","21,7","VA","1"
"10011","Cremona - Via Fatebenefratelli","18/05/2025 00:00","20,6","VA","1"
"10011","Cremona - Via Fatebenefratelli","19/05/2025 00:00","14,9","VA","1"
"10011","Cremona - Via Fatebenefratelli","20/05/2025 00:00","20,1","VA","1"
"10011","Cremona - Via Fatebenefratelli","21/05/2025 00:00","16,3","VA","1"
"10011","Cremona - Via Fatebenefratelli","22/05/2025 00:00","18,8","VA","1"
"10011","Cremona - Via Fatebenefratelli","23/05/2025 00:00","14,8","VA","1"
"10011","Cremona - Via Fatebenefratelli","24/05/2025 00:00","16,3","VA","1"
"10011","Cremona - Via Fatebenefratelli","25/05/2025 00:00","-9999","NA","1"
"10011","Cremona - Via Fatebenefratelli","26/05/2025 00:00","22,6","VA","1"
"10011","Cremona - Via Fatebenefratelli","27/05/2025 00:00","18,9","VA","1"
"10011","Cremona - Via Fatebenefratelli","28/05/2025 00:00","20,6","VA","1"
"10011","Cremona - Via Fatebenefratelli","29/05/2025 00:00","23,2","VA","1"
"10011","Cremona - Via Fatebenefratelli","30/05/2025 00:00","26,7","VA","1"
"10011","Cremona - Via Fatebenefratelli","31/05/2025 00:00","16,8","VA","1"
"10011","Cremona - Via Fatebenefratelli","01/06/2025 00:00","6,8","VA","1"
"10011","Cremona - Via Fatebenefratelli","02/06/2025 00:00","13,1","VA","1"
"10011","Cremona - Via Fatebenefratelli","03/06/2025 00:00","6,0","VA","1"
"10011","Cremona - Via Fatebenefratelli","04/06/2025 00:00","12,2","VA","1"
"10011","Cremona - Via Fatebenefratelli","05/06/2025 00:00","6,3","VA","1"
"10011","Cremona - Via Fatebenefratelli","06/06/2025 00:00","15,0","VA","1"
"10011","Cremona - Via Fatebenefratelli","07/06/2025 00:00","6,0","VA","1"
"10011","Cremona - Via Fatebenefratelli","08/06/2025 00:00","12,3","VA","1"
"10011","Cremona - Via Fatebenefratelli","09/06/2025 00:00","7,6","VA","1"
"10011","Cremona - Via Fatebenefratelli","10/06/2025 00:00","7,4","VA","1"
"10011","Cremona - Via Fatebenefratelli","11/06/2025 00:00","6,0","VA","1"
"10011","Cremona - Via Fatebenefratelli","12/06/2025 00:00","6,5","VA","1"
"10011","Cremona - Via Fatebenefratelli","13/06/2025 00:00","-9999","NA","1"
"10011","Cremona - Via Fatebenefratelli","14/06/2025 00:00","14,9","VA","1"
"10011","Cremona - Via Fatebenefratelli","15/06/2025 00:00","6,0","VA","1"
"10011","Cremona - Via Fatebenefratelli","16/06/2025 00:00","6,0","VA","1"
"10011","Cremona - Via Fatebenefratelli","17/06/2025 00:00","7,2","VA","1"
"10011","Cremona - Via Fatebenefratelli","18/06/2025 00:00","13,0","VA","1"
"10011","Cremona - Via Fatebenefratelli","19/06/2025 00:00","10,1","VA","1"
"10011","Cremona - Via Fatebenefratelli","20/06/2025 00:00","6,0","VA","1"
"10011","Cremona - Via Fatebenefratelli","21/06/2025 00:00","6,0","VA","1"
"10011","Cremona - Via Fatebenefratelli","22/06/2025 00:00","11,6","VA","1"
"10011","Cremona - Via Fatebenefratelli","23/06/2025 00:00","14,0","VA","1"
"10011","Cremona - Via Fatebenefratelli","24/06/2025 00:00","15,7","VA","1"
"10011","Cremona - Via Fatebenefratelli","25/06/2025 00:00","14,3","VA","1"
"10011","Cremona - Via Fatebenefratelli","26/06/2025 00:00","13,3","VA","1"
"10011","Cremona - Via Fatebenefratelli","27/06/2025 00:00","7,7","VA","1"
"10011","Cremona - Via Fatebenefratelli","28/06/2025 00:00","6,5","VA","1"
"10011","Cremona - Via Fatebenefratelli","29/06/2025 00:00","16,4","VA","1"
"10011","Cremona - Via Fatebenefratelli","30/06/2025 00:00","6,9","VA","1"
"10011","Cremona - Via Fatebenefratelli","01/07/2025 00:00","6,0","VA","1"
"10011","Cremona - Via Fatebenefratelli","02/07/2025 00:00","6,0","VA","1"
"10011","Cremona - Via Fatebenefratelli","03/07/2025 00:00","6,0","VA","1"
"10011","Cremona - Via Fatebenefratelli","04/07/2025 00:00","6,0","VA","1"
"10011","Cremona - Via Fatebenefratelli","05/07/2025 00:00","6,0","VA","1"
"10011","Cremona - Via Fatebenefratelli","06/07/2025 00:00","6,0","VA","1"
"10011","Cremona - Via Fatebenefratelli","07/07/2025 00:00","12,0","VA","1"
"10011","Cremona - Via Fatebenefratelli","08/07/2025 00:00","6,0","VA","1"
"10011","Cremona - Via Fatebenefratelli","09/07/2025 00:00","6,0","VA","1"
"10011","Cremona - Via Fatebenefratelli","10/07/2025 00:00","6,0","VA","1"
"10011","Cremona - Via Fatebenefratelli","11/07/2025 00:00","11,7","VA","1"
"10011","Cremona - Via Fatebenefratelli","12/07/2025 00:00","6,0","VA","1"
"10011","Cremona - Via Fatebenefratelli","13/07/2025 00:00","6,0","VA","1"
"10011","Cremona - Via Fatebenefratelli","14/07/2025 00:00","12,3","VA","1"
"10011","Cremona - Via Fatebenefratelli","15/07/2025 00:00","6,0","VA","1"
"10011","Cremona - Via Fatebenefratelli","16/07/2025 00:00","8,3","VA","1"
"10011","Cremona - Via Fatebenefratelli","17/07/2025 00:00","6,0","VA","1"
"10011","Cremona - Via Fatebenefratelli","18/07/2025 00:00","6,0","VA","1"
"10011","Cremona - Via Fatebenefratelli","19/07/2025 00:00","6,0","VA","1"
"10011","Cremona - Via Fatebenefratelli","20/07/2025 00:00","6,0","VA","1"
"10011","Cremona - Via Fatebenefratelli","21/07/2025 00:00","7,3","VA","1"
"10011","Cremona - Via Fatebenefratelli","22/07/2025 00:00","6,5","VA","1"
"10011","Cremona - Via Fatebenefratelli","23/07/2025 00:00","9,7","VA","1"
"10011","Cremona - Via Fatebenefratelli","24/07/2025 00:00","10,2","VA","1"
"10011","Cremona - Via Fatebenefratelli","25/07/2025 00:00","9,5","VA","1"
"10011","Cremona - Via Fatebenefratelli","26/07/2025 00:00","10,4","VA","1"
"10011","Cremona - Via Fatebenefratelli","27/07/2025 00:00","6,0","VA","1"
"10011","Cremona - Via Fatebenefratelli","28/07/2025 00:00","6,0","VA","1"
"10011","Cremona - Via Fatebenefratelli","29/07/2025 00:00","7,6","VA","1"
"10011","Cremona - Via Fatebenefratelli","30/07/2025 00:00","6,0","VA","1"
"10011","Cremona - Via Fatebenefratelli","31/07/2025 00:00","6,0","VA","1"
"10011","Cremona - Via Fatebenefratelli","01/08/2025 00:00","12,3","VA","1"
"10011","Cremona - Via Fatebenefratelli","02/08/2025 00:00","15,5","VA","1"
"10011","Cremona - Via Fatebenefratelli","03/08/2025 00:00","9,3","VA","1"
"10011","Cremona - Via Fatebenefratelli","04/08/2025 00:00","6,2","VA","1"
"10011","Cremona - Via Fatebenefratelli","05/08/2025 00:00","6,0"
"10011","Cremona - Via Fatebenefratelli","06/08/2025 00:00","12,3","VA","1"
"10011","Cremona - Via Fatebenefratelli","07/08/2025 00:00","7,9","VA","1"
"10011","Cremona - Via Fatebenefratelli","08/08/2025 00:00","-9999","NA","1"
"10011","Cremona - Via Fatebenefratelli","09/08/2025 00:00","12,9","VA","1"
"10011","Cremona - Via Fatebenefratelli","10/08/2025 00:00","6,0","VA","1"
"10011","Cremona - Via Fatebenefratelli","11/08/2025 00:00","10,6","VA","1"
"10011","Cremona - Via Fatebenefratelli","12/08/2025 00:00","11,6","VA","1"
"10011","Cremona - Via Fatebenefratelli","13/08/2025 00:00","6,0","VA","1"
"10011","Cremona - Via Fatebenefratelli","14/08/2025 00:00","8,3","VA","1"
"10011","Cremona - Via Fatebenefratelli","15/08/2025 00:00","10,2","VA","1"
"10011","Cremona - Via Fatebenefratelli","16/08/2025 00:00","12,6","VA","1"
"10011","Cremona - Via Fatebenefratelli","17/08/2025 00:00","16,0","VA","1"
"10011","Cremona - Via Fatebenefratelli","18/08/2025 00:00","14,8","VA","1"
"10011","Cremona - Via Fatebenefratelli","19/08/2025 00:00","11,9","VA","1"
"10011","Cremona - Via Fatebenefratelli","20/08/2025 00:00","14,1","VA","1"
"10011","Cremona - Via Fatebenefratelli","21/08/2025 00:00","6,0","VA","1"
"10011","Cremona - Via Fatebenefratelli","22/08/2025 00:00","6,0","VA","1"
"10011","Cremona - Via Fatebenefratelli","23/08/2025 00:00","-9999","NA","1"
"10011","Cremona - Via Fatebenefratelli","24/08/2025 00:00","12,2","VA","1"
"10011","Cremona - Via Fatebenefratelli","25/08/2025 00:00","14,1","VA","1"
"10011","Cremona - Via Fatebenefratelli","26/08/2025 00:00","16,1","VA","1"
"10011","Cremona - Via Fatebenefratelli","27/08/2025 00:00","11,3","VA","1"
"10011","Cremona - Via Fatebenefratelli","28/08/2025 00:00","7,1","VA","1"
"10011","Cremona - Via Fatebenefratelli","29/08/2025 00:00","14,1","VA","1"
"10011","Cremona - Via Fatebenefratelli","30/08/2025 00:00","14,1","VA","1"
"10011","Cremona - Via Fatebenefratelli","31/08/2025 00:00","10,9","VA","1"
"10011","Cremona - Via Fatebenefratelli","01/09/2025 00:00","24,6","VA","1"
"10011","Cremona - Via Fatebenefratelli","02/09/2025 00:00","15,3","VA","1"
"10011","Cremona - Via Fatebenefratelli","03/09/2025 00:00","23,5","VA","1"
"10011","Cremona - Via Fatebenefratelli","04/09/2025 00:00","-9999","NA","1"
"10011","Cremona - Via Fatebenefratelli","05/09/2025 00:00","26,3","VA","1"
"10011","Cremona - Via Fatebenefratelli","06/09/2025 00:00","15,3","VA","1"
"10011","Cremona - Via Fatebenefratelli","07/09/2025 00:00","21,2","VA","1"
"10011","Cremona - Via Fatebenefratelli","08/09/2025 00:00","18,2","VA","1"
"10011","Cremona - Via Fatebenefratelli","09/09/2025 00:00","19,3","VA","1"
"10011","Cremona - Via Fatebenefratelli","10/09/2025 00:00","19,3","VA","1"
"10011","Cremona - Via Fatebenefratelli","11/09/2025 00:00","20,2","VA","1"
"10011","Cremona - Via Fatebenefratelli","12/09/2025 00:00","15,9","VA","1"
"10011","Cremona - Via Fatebenefratelli","13/09/2025 00:00","21,5","VA","1"
"10011","Cremona - Via Fatebenefratelli","14/09/2025 00:00","17,3","VA","1"
"10011","Cremona - Via Fatebenefratelli","15/09/2025 00:00","19,1","VA","1"
"10011","Cremona - Via Fatebenefratelli","16/09/2025 00:00","21,3","VA","1"
"10011","Cremona - Via Fatebenefratelli","17/09/2025 00:00","24,9","VA","1"
"10011","Cremona - Via Fatebenefratelli","18/09/2025 00:00","18,0","VA","1"
"10011","Cremona - Via Fatebenefratelli","19/09/2025 00:00","22,4","VA","1"
"10011","Cremona - Via Fatebenefratelli","20/09/2025 00:00","18,8","VA","1"
"10011","Cremona - Via Fatebenefratelli","21/09/2025 00:00","20,7","VA","1"
"10011","Cremona - Via Fatebenefratelli","22/09/2025 00:00","24,1","VA","1"
"10011","Cremona - Via Fatebenefratelli","23/09/2025 00:00","25,0","VA","1"
"10011","Cremona - Via Fatebenefratelli","24/09/2025 00:00","15,4","VA","1"
"10011","Cremona - Via Fatebenefratelli","25/09/2025 00:00","13,8","VA","1"
"10011","Cremona - Via Fatebenefratelli","26/09/2025 00:00","14,9","VA","1"
"10011","Cremona - Via Fatebenefratelli","27/09/2025 00:00","18,2","VA","1"
"10011","Cremona - Via Fatebenefratelli","28/09/2025 00:00","21,5","VA","1"
"10011","Cremona - Via Fatebenefratelli","29/09/2025 00:00","23,7","VA","1"
"10011","Cremona - Via Fatebenefratelli","30/09/2025 00:00","22,0","VA","1"
"10011","Cremona - Via Fatebenefratelli","01/10/2025 00:00","37,7","VA","1"
"10011","Cremona - Via Fatebenefratelli","02/10/2025 00:00","38,4","VA","1"
"10011","Cremona - Via Fatebenefratelli","03/10/2025 00:00","37,9","VA","1"
"10011","Cremona - Via Fatebenefratelli","04/10/2025 00:00","39,5","VA","1"
"10011","Cremona - Via Fatebenefratelli","05/10/2025 00:00","37,4","VA","1"
"10011","Cremona - Via Fatebenefratelli","06/10/2025 00:00","33,6","VA","1"
"10011","Cremona - Via Fatebenefratelli","07/10/2025 00:00","32,8","VA","1"
"10011","Cremona - Via Fatebenefratelli","08/10/2025 00:00","40,7","VA","1"
"10011","Cremona - Via Fatebenefratelli","09/10/2025 00:00","29,1","VA","1"
"10011","Cremona - Via Fatebenefratelli","10/10/2025 00:00","38,5","VA","1"
"10011","Cremona - Via Fatebenefratelli","11/10/2025 00:00","32,2","VA","1"
"10011","Cremona - Via Fatebenefratelli","12/10/2025 00:00","35,4","VA","1"
"10011","Cremona - Via Fatebenefratelli","13/10/2025 00:00","32,5","VA","1"
"10011","Cremona - Via Fatebenefratelli","14/10/2025 00:00","36,5","VA","1"
"10011","Cremona - Via Fatebenefratelli","15/10/2025 00:00","32,9","VA","1"
"10011","Cremona - Via Fatebenefratelli","16/10/2025 00:00","29,4","VA","1"
"10011","Cremona - Via Fatebenefratelli","17/10/2025 00:00","-9999","NA","1"
"10011","Cremona - Via Fatebenefratelli","18/10/2025 00:00","39,8","VA","1"
"10011","Cremona - Via Fatebenefratelli","19/10/2025 00:00","35,1","VA","1"
"10011","Cremona - Via Fatebenefratelli","20/10/2025 00:00","28,4","VA","1"
"10011","Cremona - Via Fatebenefratelli","21/10/2025 00:00","34,8","VA","1"
"10011","Cremona - Via Fatebenefratelli","22/10/2025 00:00","34,3","VA","1"
"10011","Cremona - Via Fatebenefratelli","23/10/2025 00:00","-9999","NA","1"
"10011","Cremona - Via Fatebenefratelli","24/10/2025 00:00","38,4","VA","1"
"10011","Cremona - Via Fatebenefratelli","25/10/2025 00:00","40,1","VA","1"
"10011","Cremona - Via Fatebenefratelli","26/10/2025 00:00","27,3","VA","1"
"10011","Cremona - Via Fatebenefratelli","27/10/2025 00:00","37,9","VA","1"
"10011","Cremona - Via Fatebenefratelli","28/10/2025 00:00","34,8","VA","1"
"10011","Cremona - Via Fatebenefratelli","29/10/2025 00:00","27,5","VA","1"
"10011","Cremona - Via Fatebenefratelli","30/10/2025 00:00","36,1","VA","1"
"10011","Cremona - Via Fatebenefratelli","31/10/2025 00:00","33,9","VA","1"
"10011","Cremona - Via Fatebenefratelli","01/11/2025 00:00","51,4","VA","1"
"10011","Cremona - Via Fatebenefratelli","02/11/2025 00:00","46,2","VA","1"
"10011","Cremona - Via Fatebenefratelli","03/11/2025 00:00","52,3","VA","1"
"10011","Cremona - Via Fatebenefratelli","04/11/2025 00:00","52,6","VA","1"
"10011","Cremona - Via Fatebenefratelli","05/11/2025 00:00","44,6","VA","1"
"10011","Cremona - Via Fatebenefratelli","06/11/2025 00:00","51,1","VA","1"
"10011","Cremona - Via Fatebenefratelli","07/11/2025 00:00","53,7","VA","1"
"10011","Cremona - Via Fatebenefratelli","08/11/2025 00:00","42,6","VA","1"
"10011","Cremona - Via Fatebenefratelli","09/11/2025 00:00","53,2","VA","1"
"10011","Cremona - Via Fatebenefratelli","10/11/2025 00:00","42,2","VA","1"
"10011","Cremona - Via Fatebenefratelli","11/11/2025 00:00","49,3","VA","1"
"10011","Cremona - Via Fatebenefratelli","12/11/2025 00:00","53,1","VA","1"
"10011","Cremona - Via Fatebenefratelli","13/11/2025 00:00","48,6","VA","1"
"10011","Cremona - Via Fatebenefratelli","14/11/2025 00:00","45,1","VA","1"
"10011","Cremona - Via Fatebenefratelli","15/11/2025 00:00","47,0","VA","1"
"10011","Cremona - Via Fatebenefratelli","16/11/2025 00:00","51,0","VA","1"
"10011","Cremona - Via Fatebenefratelli","17/11/2025 00:00","54,4","VA","1"
"10011","Cremona - Via Fatebenefratelli","18/11/2025 00:00","42,2","VA","1"
"10011","Cremona - Via Fatebenefratelli","19/11/2025 00:00","44,6","VA","1"
"10011","Cremona - Via Fatebenefratelli","20/11/2025 00:00","52,1","VA","1"
"10011","Cremona - Via Fatebenefratelli","21/11/2025 00:00","46,4","VA","1"
"10011","Cremona - Via Fatebenefratelli","22/11/2025 00:00","48,0","VA","1"
"10011","Cremona - Via Fatebenefratelli","23/11/2025 00:00","42,9","VA","1"
"10011","Cremona - Via Fatebenefratelli","24/11/2025 00:00","44,8","VA","1"
"10011","Cremona - Via Fatebenefratelli","25/11/2025 00:00","50,3","VA","1"
"10011","Cremona - Via Fatebenefratelli","26/11/2025 00:00","52,1","VA","1"
"10011","Cremona - Via Fatebenefratelli","27/11/2025 00:00","51,6","VA","1"
"10011","Cremona - Via Fatebenefratelli","28/11/2025 00:00","-9999","NA","1"
"10011","Cremona - Via Fatebenefratelli","29/11/2025 00:00","54,7","VA","1"
"10011","Cremona - Via Fatebenefratelli","30/11/2025 00:00","43,7","VA","1"
"10011","Cremona - Via Fatebenefratelli","01/12/2025 00:00","62,0","VA","1"
"10011","Cremona - Via Fatebenefratelli","02/12/2025 00:00","54,1","VA","1"
"10011","Cremona - Via Fatebenefratelli","03/12/2025 00:00","62,0","VA","1"
"10011","Cremona - Via Fatebenefratelli","04/12/2025 00:00","62,0","VA","1"
"10011","Cremona - Via Fatebenefratelli","05/12/2025 00:00","62,0","VA","1"
"10011","Cremona - Via Fatebenefratelli","06/12/2025 00:00","54,4","VA","1"
"10011","Cremona - Via Fatebenefratelli","07/12/2025 00:00","62,0","VA","1"
"10011","Cremona - Via Fatebenefratelli","08/12/2025 00:00","62,0","VA","1"
"10011","Cremona - Via Fatebenefratelli","09/12/2025 00:00","62,0","VA","1"
"10011","Cremona - Via Fatebenefratelli","10/12/2025 00:00","62,0","VA","1"
"10011","Cremona - Via Fatebenefratelli","11/12/2025 00:00","53,3","VA","1"
"10011","Cremona - Via Fatebenefratelli","12/12/2025 00:00","51,5","VA","1"
"10011","Cremona - Via Fatebenefratelli","13/12/2025 00:00","53,0","VA","1"
"10011","Cremona - Via Fatebenefratelli","14/12/2025 00:00","62,0","VA","1"
"10011","Cremona - Via Fatebenefratelli","15/12/2025 00:00","59,6","VA","1"
"10011","Cremona - Via Fatebenefratelli","16/12/2025 00:00","57,9","VA","1"
"10011","Cremona - Via Fatebenefratelli","17/12/2025 00:00","-9999","NA","1"
"10011","Cremona - Via Fatebenefratelli","18/12/2025 00:00","53,6","VA","1"
"10011","Cremona - Via Fatebenefratelli","19/12/2025 00:00","51,7","VA","1"
"10011","Cremona - Via Fatebenefratelli","20/12/2025 00:00","52,9","VA","1"
"10011","Cremona - Via Fatebenefratelli","21/12/2025 00:00","55,2","VA","1"
"10011","Cremona - Via Fatebenefratelli","22/12/2025 00:00","53,9","VA","1"
"10011","Cremona - Via Fatebenefratelli","23/12/2025 00:00","52,7","VA","1"
"10011","Cremona - Via Fatebenefratelli","24/12/2025 00:00","54,7","VA","1"
"10011","Cremona - Via Fatebenefratelli","25/12/2025 00:00","-9999","NA","1"
"10011","Cremona - Via Fatebenefratelli","26/12/2025 00:00","61,9","VA","1"
"10011","Cremona - Via Fatebenefratelli","27/12/2025 00:00","-9999","NA","1"
"10011","Cremona - Via Fatebenefratelli","28/12/2025 00:00","54,7","VA","1"
"10011","Cremona - Via Fatebenefratelli","29/12/2025 00:00","62,0","VA","1"
"10011","Cremona - Via Fatebenefratelli","30/12/2025 00:00","62,0","VA","1"
"10011","Cremona - Via Fatebenefratelli","31/12/2025 00:00","55,5","VA","1"
"10012","Cremona - Via Fatebenefratelli","01/01/2025 00:00","18,0","VA","1"
"10012","Cremona - Via Fatebenefratelli","02/01/2025 00:00","24,6","VA","1"
"10012","Cremona - Via Fatebenefratelli","03/01/2025 00:00","24,4","VA","1"
"10012","Cremona - Via Fatebenefratelli","04/01/2025 00:00","19,3","VA","1"
"10012","Cremona - Via Fatebenefratelli","05/01/2025 00:00","18,0","VA","1"
"10012","Cremona - Via Fatebenefratelli","06/01/2025 00:00","21,3","VA","1"
"10012","Cremona - Via Fatebenefratelli","07/01/2025 00:00","18,0","VA","1"
"10012","Cremona - Via Fatebenefratelli","08/01/2025 00:00","18,0","VA","1"
"10012","Cremona - Via Fatebenefratelli","09/01/2025 00:00","18,0","VA","1"
"10012","Cremona - Via Fatebenefratelli","10/01/2025 00:00","28,7","VA","1"
"10012","Cremona - Via Fatebenefratelli","11/01/2025 00:00","18,0","VA","1"
"10012","Cremona - Via Fatebenefratelli","12/01/2025 00:00","18,0","VA","1"
"10012","Cremona - Via Fatebenefratelli","13/01/2025 00:00","18,0","VA","1"
"10012","Cremona - Via Fatebenefratelli","14/01/2025 00:00","18,0","VA","1"
"10012","Cremona - Via Fatebenefratelli","15/01/2025 00:00","22,2","VA","1"
"10012","Cremona - Via Fatebenefratelli","16/01/2025 00:00","18,0","VA","1"
"10012","Cremona - Via Fatebenefratelli","17/01/2025 00:00","20,7","VA","1"
"10012","Cremona - Via Fatebenefratelli","18/01/2025 00:00","18,0","VA","1"
"10012","Cremona - Via Fatebenefratelli","19/01/2025 00:00","18,0","VA","1"
"10012","Cremona - Via Fatebenefratelli","20/01/2025 00:00","18,0","VA","1"
"10012","Cremona - Via Fatebenefratelli","21/01/2025 00:00","18,0","VA","1"
"10012","Cremona - Via Fatebenefratelli","22/01/2025 00:00","24,7","VA","1"
"10012","Cremona - Via Fatebenefratelli","23/01/2025 00:00","23,1","VA","1"
"10012","Cremona - Via Fatebenefratelli","24/01/2025 00:00","28,2","VA","1"
"10012","Cremona - Via Fatebenefratelli","25/01/2025 00:00","-9999","NA","1"
"10012","Cremona - Via Fatebenefratelli","26/01/2025 00:00","18,0","VA","1"
"10012","Cremona - Via Fatebenefratelli","27/01/2025 00:00","19,6","VA","1"
"10012","Cremona - Via Fatebenefratelli","28/01/2025 00:00","23,9","VA","1"
"10012","Cremona - Via Fatebenefratelli","29/01/2025 00:00","19,5","VA","1"
"10012","Cremona - Via Fatebenefratelli","30/01/2025 00:00","18,0","VA","1"
"10012","Cremona - Via Fatebenefratelli","31/01/2025 00:00","29,7","VA","1"
"10012","Cremona - Via Fatebenefratelli","01/02/2025 00:00","22,1","VA","1"
"10012","Cremona - Via Fatebenefratelli","02/02/2025 00:00","-9999","NA","1"
"10012","Cremona - Via Fatebenefratelli","03/02/2025 00:00","34,2","VA","1"
"10012","Cremona - Via Fatebenefratelli","04/02/2025 00:00","-9999","NA","1"
"10012","Cremona - Via Fatebenefratelli","05/02/2025 00:00","37,7","VA","1"
"10012","Cremona - Via Fatebenefratelli","06/02/2025 00:00","30,4","VA","1"
"10012","Cremona - Via Fatebenefratelli","07/02/2025 00:00","28,7","VA","1"
"10012","Cremona - Via Fatebenefratelli","08/02/2025 00:00","25,7","VA","1"
"10012","Cremona - Via Fatebenefratelli","09/02/2025 00:00","34,5","VA","1"
"10012","Cremona - Via Fatebenefratelli","10/02/2025 00:00","21,5","VA","1"
"10012","Cremona - Via Fatebenefratelli","11/02/2025 00:00","18,0","VA","1"
"10012","Cremona - Via Fatebenefratelli","12/02/2025 00:00","30,2","VA","1"
"10012","Cremona - Via Fatebenefratelli","13/02/2025 00:00","-9999","NA","1"
"10012","Cremona - Via Fatebenefratelli","14/02/2025 00:00","18,0","VA","1"
"10012","Cremona - Via Fatebenefratelli","15/02/2025 00:00","25,8","VA","1"
"10012","Cremona - Via Fatebenefratelli","16/02/2025 00:00","20,0","VA","1"
"10012","Cremona - Via Fatebenefratelli","17/02/2025 00:00","30,5","VA","1"
"10012","Cremona - Via Fatebenefratelli","18/02/2025 00:00","34,4","VA","1"
"10012","Cremona - Via Fatebenefratelli","19/02/2025 00:00","25,7","VA","1"
"10012","Cremona - Via Fatebenefratelli","20/02/2025 00:00","33,4","VA","1"
"10012","Cremona - Via Fatebenefratelli","21/02/2025 00:00","18,0","VA","1"
"10012","Cremona - Via Fatebenefratelli","22/02/2025 00:00","-9999","NA","1"
"10012","Cremona - Via Fatebenefratelli","23/02/2025 00:00","19,6","VA","1"
"10012","Cremona - Via Fatebenefratelli","24/02/2025 00:00","21,5","VA","1"
"10012","Cremona - Via Fatebenefratelli","25/02/2025 00:00","34,5","VA","1"
"10012","Cremona - Via Fatebenefratelli","26/02/2025 00:00","32,4","VA","1"
"10012","Cremona - Via Fatebenefratelli","27/02/2025 00:00","32,2","VA","1"
"10012","Cremona - Via Fatebenefratelli","28/02/2025 00:00","21,2","VA","1"
"10012","Cremona - Via Fatebenefratelli","01/03/2025 00:00","33,5","VA","1"
"10012","Cremona - Via Fatebenefratelli","02/03/2025 00:00","48,0","VA","1"
"10012","Cremona - Via Fatebenefratelli","03/03/2025 00:00","41,7","VA","1"
"10012","Cremona - Via Fatebenefratelli","04/03/2025 00:00","32,5","VA","1"
"10012","Cremona - Via Fatebenefratelli","05/03/2025 00:00","50,2","VA","1"
"10012","Cremona - Via Fatebenefratelli","06/03/2025 00:00","33,4","VA","1"
"10012","Cremona - Via Fatebenefratelli","07/03/2025 00:00","-9999","NA","1"
"10012","Cremona - Via Fatebenefratelli","08/03/2025 00:00","50,9","VA","1"
"10012","Cremona - Via Fatebenefratelli","09/03/2025 00:00","38,8","VA","1"
"10012","Cremona - Via Fatebenefratelli","10/03/2025 00:00","39,8","VA","1"
"10012","Cremona - Via Fatebenefratelli","11/03/2025 00:00","-9999","NA","1"
"10012","Cremona - Via Fatebenefratelli","12/03/2025 00:00","55,0","VA","1"
"10012","Cremona - Via Fatebenefratelli","13/03/2025 00:00","40,7","VA","1"
"10012","Cremona - Via Fatebenefratelli","14/03/2025 00:00","40,7","VA","1"
"10012","Cremona - Via Fatebenefratelli","15/03/2025 00:00","51,6","VA","1"
"10012","Cremona - Via Fatebenefratelli","16/03/2025 00:00","51,4","VA","1"
"10012","Cremona - Via Fatebenefratelli","17/03/2025 00:00","47,8","VA","1"
"10012","Cremona - Via Fatebenefratelli","18/03/2025 00:00","36,8","VA","1"
"10012","Cremona - Via Fatebenefratelli","19/03/2025 00:00","49,9","VA","1"
"10012","Cremona - Via Fatebenefratelli","20/03/2025 00:00","55,0","VA","1"
"10012","Cremona - Via Fatebenefratelli","21/03/2025 00:00","54,7","VA","1"
"10012","Cremona - Via Fatebenefratelli","22/03/2025 00:00","54,3","VA","1"
"10012","Cremona - Via Fatebenefratelli","23/03/2025 00:00","44,6","VA","1"
"10012","Cremona - Via Fatebenefratelli","24/03/2025 00:00","-9999","NA","1"
"10012","Cremona - Via Fatebenefratelli","25/03/2025 00:00","38,0","VA","1"
"10012","Cremona - Via Fatebenefratelli","26/03/2025 00:00","57,2","VA","1"
"10012","Cremona - Via Fatebenefratelli","27/03/2025 00:00","52,6","VA","1"
"10012","Cremona - Via Fatebenefratelli","28/03/2025 00:00","36,3","VA","1"
"10012","Cremona - Via Fatebenefratelli","29/03/2025 00:00","45,1","VA","1"
"10012","Cremona - Via Fatebenefratelli","30/03/2025 00:00","40,2","VA","1"
"10012","Cremona - Via Fatebenefratelli","31/03/2025 00:00","40,9","VA","1"
"10012","Cremona - Via Fatebenefratelli","01/04/2025 00:00","59,7","VA","1"
"10012","Cremona - Via Fatebenefratelli","02/04/2025 00:00","83,1","VA","1"
"10012","Cremona - Via Fatebenefratelli","03/04/2025 00:00","59,0","VA","1"
"10012","Cremona - Via Fatebenefratelli","04/04/2025 00:00","62,3","VA","1"
"10012","Cremona - Via Fatebenefratelli","05/04/2025 00:00","59,2","VA","1"
"10012","Cremona - Via Fatebenefratelli","06/04/2025 00:00","65,3","VA","1"
"10012","Cremona - Via Fatebenefratelli","07/04/2025 00:00","83,3","VA","1"
"10012","Cremona - Via Fatebenefratelli","08/04/2025 00:00","-9999","NA","1"
"10012","Cremona - Via Fatebenefratelli","09/04/2025 00:00","76,8","VA","1"
"10012","Cremona - Via Fatebenefratelli","10/04/2025 00:00","73,3","VA","1"
"10012","Cremona - Via Fatebenefratelli","11/04/2025 00:00","60,6","VA","1"
"10012","Cremona - Via Fatebenefratelli","12/04/2025 00:00","59,4","VA","1"
"10012","Cremona - Via Fatebenefratelli","13/04/2025 00:00","78,7","VA","1"
"10012","Cremona - Via Fatebenefratelli","14/04/2025 00:00","70,5","VA","1"
"10012","Cremona - Via Fatebenefratelli","15/04/2025 00:00","-9999","NA","1"
"10012","Cremona - Via Fatebenefratelli","16/04/2025 00:00","69,7","VA","1"
"10012","Cremona - Via Fatebenefratelli","17/04/2025 00:00","61,8","VA","1"
"10012","Cremona - Via Fatebenefratelli","18/04/2025 00:00","67,2","VA","1"
"10012","Cremona - Via Fatebenefratelli","19/04/2025 00:00","61,2","VA","1"
"10012","Cremona - Via Fatebenefratelli","20/04/2025 00:00","65,3","VA","1"
"10012","Cremona - Via Fatebenefratelli","21/04/2025 00:00","68,8","VA","1"
"10012","Cremona - Via Fatebenefratelli","22/04/2025 00:00","-9999","NA","1"
"10012","Cremona - Via Fatebenefratelli","23/04/2025 00:00","62,2","VA","1"
"10012","Cremona - Via Fatebenefratelli","24/04/2025 00:00","-9999","NA","1"
"10012","Cremona - Via Fatebenefratelli","25/04/2025 00:00","82,6","VA","1"
"10012","Cremona - Via Fatebenefratelli","26/04/2025 00:00","80,9","VA","1"
"10012","Cremona - Via Fatebenefratelli","27/04/2025 00:00","78,9","VA","1"
"10012","Cremona - Via Fatebenefratelli","28/04/2025 00:00","82,7","VA","1"
"10012","Cremona - Via Fatebenefratelli","29/04/2025 00:00","76,4","VA","1"
"10012","Cremona - Via Fatebenefratelli","30/04/2025 00:00","71,6","VA","1"
"10012","Cremona - Via Fatebenefratelli","01/05/2025 00:00","90,8","VA","1"
"10012","Cremona - Via Fatebenefratelli","02/05/2025 00:00","96,0","VA","1"
"10012","Cremona - Via Fatebenefratelli","03/05/2025 00:00","87,0","VA","1"
"10012","Cremona - Via Fatebenefratelli","04/05/2025 00:00","93,6","VA","1"
"10012","Cremona - Via Fatebenefratelli","05/05/2025 00:00","104,2","VA","1"
"10012","Cremona - Via Fatebenefratelli","06/05/2025 00:00","99,9","VA","1"
"10012","Cremona - Via Fatebenefratelli","07/05/2025 00:00","103,0","VA","1"
"10012","Cremona - Via Fatebenefratelli","08/05/2025 00:00","100,5","VA","1"
"10012","Cremona - Via Fatebenefratelli","09/05/2025 00:00","99,3","VA","1"
"10012","Cremona - Via Fatebenefratelli","10/05/2025 00:00","106,3","VA","1"
"10012","Cremona - Via Fatebenefratelli","11/05/2025 00:00","109,1","VA","1"
"10012","Cremona - Via Fatebenefratelli","12/05/2025 00:00","85,5","VA","1"
"10012","Cremona - Via Fatebenefratelli","13/05/2025 00:00","91,3","VA","1"
"10012","Cremona - Via Fatebenefratelli","14/05/2025 00:00","86,6","VA","1"
"10012","Cremona - Via Fatebenefratelli","15/05/2025 00:00","95,1","VA","1"
"10012","Cremona - Via Fatebenefratelli","16/05/2025 00:00","107,0","VA","1"
"10012","Cremona - Via Fatebenefratelli","17/05/2025 00:00","103,0","VA","1"
"10012","Cremona - Via Fatebenefratelli","18/05/2025 00:00","109,7","VA","1"
"10012","Cremona - Via Fatebenefratelli","19/05/2025 00:00","91,9","VA","1"
"10012","Cremona - Via Fatebenefratelli","20/05/2025 00:00","88,5","VA","1"
"10012","Cremona - Via Fatebenefratelli","21/05/2025 00:00","101,6","VA","1"
"10012","Cremona - Via Fatebenefratelli","22/05/2025 00:00","95,6","VA","1"
"10012","Cremona - Via Fatebenefratelli","23/05/2025 00:00","106,7","VA","1"
"10012","Cremona - Via Fatebenefratelli","24/05/2025 00:00","94,5","VA","1"
"10012","Cremona - Via Fatebenefratelli","25/05/2025 00:00","105,2","VA","1"
"10012","Cremona - Via Fatebenefratelli","26/05/2025 00:00","98,1","VA","1"
"10012","Cremona - Via Fatebenefratelli","27/05/2025 00:00","103,8","VA","1"
"10012","Cremona - Via Fatebenefratelli","28/05/2025 00:00","109,8","VA","1"
"10012","Cremona - Via Fatebenefratelli","29/05/2025 00:00","92,6","VA","1"
"10012","Cremona - Via Fatebenefratelli","30/05/2025 00:00","95,7","VA","1"
"10012","Cremona - Via Fatebenefratelli","31/05/2025 00:00","91,8","VA","1"
"10012","Cremona - Via Fatebenefratelli","01/06/2025 00:00","125,0","VA","1"
"10012","Cremona - Via Fatebenefratelli","02/06/2025 00:00","113,9","VA","1"
"10012","Cremona - Via Fatebenefratelli","03/06/2025 00:00","121,1","VA","1"
"10012","Cremona - Via Fatebenefratelli","04/06/2025 00:00","110,2","VA","1"
"10012","Cremona - Via Fatebenefratelli","05/06/2025 00:00","123,0","VA","1"
"10012","Cremona - Via Fatebenefratelli","06/06/2025 00:00","122,5","VA","1"
"10012","Cremona - Via Fatebenefratelli","07/06/2025 00:00","125,0","VA","1"
"10012","Cremona - Via Fatebenefratelli","08/06/2025 00:00","119,1","VA","1"
"10012","Cremona - Via Fatebenefratelli","09/06/2025 00:00","119,2","VA","1"
"10012","Cremona - Via Fatebenefratelli","10/06/2025 00:00","125,0","VA","1"
"10012","Cremona - Via Fatebenefratelli","11/06/2025 00:00","122,5","VA","1"
"10012","Cremona - Via Fatebenefratelli","12/06/2025 00:00","123,2"
"10012","Cremona - Via Fatebenefratelli","13/06/2025 00:00","120,8","VA","1"
"10012","Cremona - Via Fatebenefratelli","14/06/2025 00:00","125,0","VA","1"
"10012","Cremona - Via Fatebenefratelli","15/06/2025 00:00","111,5","VA","1"
"10012","Cremona - Via Fatebenefratelli","16/06/2025 00:00","105,6","VA","1"
"10012","Cremona - Via Fatebenefratelli","17/06/2025 00:00","118,9","VA","1"
"10012","Cremona - Via Fatebenefratelli","18/06/2025 00:00","125,0","VA","1"
"10012","Cremona - Via Fatebenefratelli","19/06/2025 00:00","125,0","VA","1"
"10012","Cremona - Via Fatebenefratelli","20/06/2025 00:00","119,0","VA","1"
"10012","Cremona - Via Fatebenefratelli","21/06/2025 00:00","125,0","VA","1"
"10012","Cremona - Via Fatebenefratelli","22/06/2025 00:00","121,9","VA","1"
"10012","Cremona - Via Fatebenefratelli","23/06/2025 00:00","114,9","VA","1"
"10012","Cremona - Via Fatebenefratelli","24/06/2025 00:00","122,3","VA","1"
"10012","Cremona - Via Fatebenefratelli","25/06/2025 00:00","111,0","VA","1"
"10012","Cremona - Via Fatebenefratelli","26/06/2025 00:00","119,1","VA","1"
"10012","Cremona - Via Fatebenefratelli","27/06/2025 00:00","115,1","VA","1"
"10012","Cremona - Via Fatebenefratelli","28/06/2025 00:00","113,8","VA","1"
"10012","Cremona - Via Fatebenefratelli","29/06/2025 00:00","112,7","VA","1"
"10012","Cremona - Via Fatebenefratelli","30/06/2025 00:00","120,7","VA","1"
